"Supplementary Table 2. Corrections to MG1655 sequence. See footnotes in supplementary Table 1 for definitions.",,,,,,,
"Location","Original","Correction","Gene","Comment","ECK id","b number","JW id"
"78004","a","c","setA","missense E128A","ECK0072","b0070","JW0069"
"1056042","a","g","torT","silent","ECK0985","b0994","JW0979"
"1302782","a","g","oppD","missense N2S","ECK1240","b1246","JW1238"
"1607711","a","g","uxaB","missense L332P","ECK1514","b1521","JW1514"
"1652627","t","c","rspA","silent","ECK1576","b1581","JW1573"
"1718191","a","g","slyB","missense T98A","ECK1637","b1641","JW1633"
"1722928","t","a","ydhF","missense N247Y ","ECK1643","b1647","JW1639"
"1739052","a","g","ydhC","missense M373V","ECK1656","b1660","JW1652"
"1741574","ag","ga","mdtK","missense S32D","ECK1659","b1663","JW1655"
"1812482","t","c","katE","missense F198L","ECK1730","b1732","JW1721"
"1860370","t","c","yeaA","silent","ECK1776","b1778","JW1767"
"1980940","-","c","araH","fusion","ECK1897","b1899","JW1887"
"2008476","-","a","yedK","frameshift","ECK1930","b1931","JW1916"
"2043272","a","g","yeeJ","missense S130G","ECK1974","b1978","JW5833"
"2068103","a","g","insC","missense F49L","ECK0357","b1997","JW1978"
"2072030","t","a","flu","missense C876S","ECK1993","b2000","JW1982"
"2216746","g","c","yehZ","silent","ECK2124","b2131","JW2119"
"2287489","a","g","insH","silent","ECK0261","b2192","JW2179"
"2429483","t","c","dedD","silent","ECK2308","b2314","JW5378"
"2691024","a","t","purL","missense F847Y","ECK2555","b2557","JW2541"
"2728587","c","a","kgtP-clpB","intergenic","ECK2585-ECK2590","b2587-b2592","JW2571-JW2573"
"2728592","c","-","kgtP-clpB","intergenic","ECK2585-ECK2590","b2587-b2592","JW2571-JW2573"
"2729372","-","c","kgtP-clpB","intergenic","ECK2585-ECK2590","b2587-b2592","JW2571-JW2573"
"2747388","c","-","yfjD","fusion","ECK2609","b2612","JW5415"
"2751091","g","c","recN","missense A426P","ECK2612","b2616","JW5416"
"2766382","c","g","yfjP","missense P220A","ECK2628","b2632","JW5419"
"2766423","g","a","yfjP","silent","ECK2628","b2632","JW5419"
"2766427","tg","ac","yfjP","missense W235T","ECK2628","b2632","JW5419"
"2766473","a","g","yfjP","missense D250G","ECK2628","b2632","JW5419"
"2766476","a","g","yfjP","missense T251A","ECK2628","b2632","JW5419"
"2781020","-","g","ypjA-pinH","intergenic","ECK2644-ECK2645","b2647-b2648","JW5422-JW5423"
"2781027","c","g","ypjA-pinH","intergenic","ECK2644-ECK2645","b2647-b2648","JW5422-JW5423"
"2785180","t","-","ygaR","fusion","ECK2650","b2655","JW2631"
"2812859","c","-","luxS-gshA","intergenic","ECK2681-ECK2683","b2687-b2688","JW2662-JW2663"
"2820144","g","-","alaS-recX","intergenic","ECK2692-ECK2693","b2697-b2698","JW2667-JW2668"
"2823915","a","g","srlA","missense K21E","ECK2697","b2702","JW5429"
"2824797","t","c","srlE","missense F128S","ECK2698","b2703","JW5430"
"2825102","t","c","srlE","missense F230L","ECK2698","b2703","JW5430"
"2838073","-","g","ascF","frameshift","ECK2710","b2715","JW5435"
"2838083","g","-","ascF","frameshift","ECK2710","b2715","JW5435"
"2896820","-","c","-","fusion","ECK2767","b2773","JW5442"
"3005399","-","c","ygeW","frameshift","ECK2866","b2870","JW5463"
"3025677","-","c","ygfQ","fusion","ECK2880","b2884","JW5467"
"3075221","-","t","yggP","fusion","ECK2927","b2932","JW5477"
"3077514","c","-","cmtB-tktA","intergenic","ECK2929-ECK2930","b2934-b2935","JW2901-JW5478"
"3077641","-","g","cmtB-tktA","intergenic","ECK2929-ECK2930","b2934-b2935","JW2901-JW5478"
"3077905","a","g","cmtB-tktA","intergenic","ECK2929-ECK2930","b2934-b2935","JW2901-JW5478"
"3078245","c","g","tktA","missense S584P","ECK2930","b2935","JW5478"
"3099657","-","a","yggN-yggL","intergenic","ECK2953-ECK2954","b2958-b2959","JW2925-JW2926"
"3107470","-","c","speC-yqgA","intergenic","ECK2960-ECK2961","b2965-b2966","JW5482-JW2934"
"3115117","-","c","yghJ","fusion","ECK2968","b4466","JW5925"
"3123583","-","g","glcF","fission","ECK2972","b2978","JW5486"
"3128789","c","t","insH","silent","ECK0261","b2982","JW2949"
"3128807","a","g","insH","silent","ECK0261","b2982","JW2949"
"3130334","a","g","yghQ-yghR","intergenic","ECK2977-ECK2978","b2983-b2984","JW5490-JW2952"
"3152248","-","c","yghB-yqhC","intergenic","ECK3001-ECK3002","b3009-b3010","JW2976-JW5849"
"3156257","cca","-","yqhG","deletion H198","ECK3005","b3013","JW5500"
"3158203","-","c","ygiQ","fusion","ECK3007","b3016","JW5501"
"3166935","gc","cg","ygiV","missense Q148H, L105V","ECK3014","b3023","JW5502"
"3185776","t","c","yqiG","missense F121L","ECK3035","b3046","JW5507"
"3185807","t","c","yqiG","missense F131S","ECK3035","b3046","JW5507"
"3221097","cg","gc","ebgA","missense  T287S","ECK3066","b3076","JW5511"
"3222944","caag","agca","ebgA","missense Q903S, A904T","ECK3066","b3076","JW5511"
"3224879","g","-","ygjI","frameshift","ECK3068","b3078","JW5512"
"3224925","-","c","ygjI","frameshift","ECK3068","b3078","JW5512"
"3236177","g","-","alx","frameshift","ECK3079","b3088","JW5515"
"3236735","-","c","alx","frameshift","ECK3079","b3088","JW5515"
"3236758","t","-","alx","frameshift","ECK3079","b3088","JW5515"
"3237243","-","c","alx-sstT","intergenic","ECK3079-ECK3080","b3088-b3089","JW5515-JW3060"
"3237248","-","c","alx-sstT","intergenic","ECK3079-ECK3080","b3088-b3089","JW5515-JW3060"
"3253742","g","-","yhaM","frameshift","ECK3099","b3109","JW5518"
"3255594","g","-","yhaO","frameshift","ECK3100","b3110","JW5519"
"3255616","g","-","yhaO","frameshift","ECK3100","b3110","JW5519"
"3256894","-","c","tdcG","frameshift","ECK3101","b3112","JW5520"
"3257839","-","g","tdcE","frameshift","ECK3103","b3114","JW5522"
"3279197","a","c","agaA","missense R145S","ECK3123","b3135","JW5527"
"3349264","-","ccggtg","arcB","insertion INS469T, INS470G","ECK3200","b3210","JW5536"
"3352254","cg","gc","yhcC-gltB","intergenic","ECK3201-ECK3202","b3211-b3212","JW3178-JW3179"
"3389812","c","-","tldD-yhdP","intergenic","ECK3233-ECK3234","b3244-b3245","JW3213-JW5542"
"3393106","t","-","yhdP","fusion","ECK3234","b3246","JW5542"
"3418841","-","g","yhdX","frameshift","ECK3256","b3269","JW5544"
"3421120","g","-","yhdZ-yrdA","intergenic","ECK3258-ECK3266","b3271-b3279","JW3239-JW5710"
"3421713","-","c","yhdZ-yrdA","intergenic","ECK3258-ECK3266","b3271-b3279","JW3239-JW5710"
"3421871","-","c","yhdZ-yrdA","intergenic","ECK3258-ECK3266","b3271-b3279","JW3239-JW5710"
"3421882","g","-","yhdZ-yrdA","intergenic","ECK3258-ECK3266","b3271-b3279","JW3239-JW5710"
"3422482","t","-","yhdZ-yrdA","intergenic","ECK3258-ECK3266","b3271-b3279","JW3239-JW5710"
"3429526","c","-","yrdD","frameshift","ECK3270","b3283","JW5709"
"3430454","-","c","smf","fusion","ECK3272","b3286","JW5708"
"3500309","c","-","frlC","fusion","ECK3360","b3372","JW5699"
"3509958","t","-","yhfZ-trpS","intergenic","ECK3370-ECK3371","b3383-b3384","JW3346-JW3347"
"3510122","-","g","yhfZ-trpS","intergenic","ECK3370-ECK3371","b3383-b3384","JW3346-JW3347"
"3537406","-","gc","yhgF-feoA","intergenic","ECK3394-ECK3395","b3407-b3408","JW3370-JW3371"
"3544358","c","gcg","gntT","frameshift","ECK3402","b3415","JW5690"
"3544364","-","c","gntT","frameshift","ECK3402","b3415","JW5690"
"3548005","c","t","malP","missense G701D","ECK3404","b3417","JW5689"
"3554089","-","c","rtcA","fusion","ECK3406","b3420","JW5688"
"3554113","c","-","rtcA","frameshift","ECK3406","b3420","JW5688"
"3554118","-","c","rtcA","frameshift","ECK3406","b3420","JW5688"
"3558932","cg","gc","glpG","missense D51E, V52L","ECK3410","b3424","JW5687"
"3573701","-","c","gntU","fusion","ECK3421","b3436","JW5686"
"3575447","-","g","gntR","frameshift","ECK3423","b3438","JW5685"
"3620210","a","c","rhsB","missense K1130Q","ECK3466","b3482","JW5679"
"3627143","-","g","rbbA-yhiI","intergenic","ECK3471-ECK3472","b3486-b3487","JW5676-JW3454"
"3686776","-","t","bcsC","frameshift","ECK3515","b3530","JW5862"
"3703602","cg","gc","dppB-dppA","intergenic","ECK3530-ECK3531","b3543-b3544","JW3512-JW3513"
"3714436","cg","gc","yiaD","missense N87K, V88L","ECK3539","b3552","JW5657"
"3734264","cg","gc","bax","missense S181C","ECK3559","b3570","JW5653"
"3737956","gc","cg","avtA","missense G208A","ECK3561","b3572","JW5652"
"3743603","c","-","yiaN","frameshift","ECK3567","b3578","JW5651"
"3754310","c","a","yiaY","missense R382M","ECK3578","b3589","JW5648"
"3754318","-","gcg","yiaY","insertion INS380R","ECK3578","b3589","JW5648"
"3765030","c","g","yibJ","silent","ECK3584","b3595","JW5647"
"3765033","t","c","yibJ","silent","ECK3584","b3595","JW5647"
"3765041","a","c","yibJ","missense K65T","ECK3584","b3595","JW5647"
"3765049","a","g","yibJ","missense T68A","ECK3584","b3595","JW5647"
"3765056","aa","cg","yibJ","missense E70A","ECK3584","b3595","JW5647"
"3765072","c","t","yibJ","silent","ECK3584","b3595","JW5647"
"3765095","a","g","yibJ","missense N83S","ECK3584","b3595","JW5647"
"3765099","a","t","yibJ","missense E84D","ECK3584","b3595","JW5647"
"3765114","g","t","yibJ","missense Q89H","ECK3584","b3595","JW5647"
"3765126","t","c","yibJ","silent","ECK3584","b3595","JW5647"
"3765129","c","t","yibJ","silent","ECK3584","b3595","JW5647"
"3765141","g","t","yibJ","silent","ECK3584","b3595","JW5647"
"3765203","a","t","yibJ","missense Q119L","ECK3584","b3595","JW5647"
"3765234","g","a","yibJ","silent","ECK3584","b3595","JW5647"
"3870630","c","-","dgoD","fission","ECK3684","b4478","JW5629"
"3870793","-","g","dgoD","frameshift","ECK3684","b4478","JW5629"
"3870875","g","-","dgoD","frameshift","ECK3684","b4478","JW5629"
"3872451","-","g","dgoR","fusion","ECK3687","b3695","JW5627"
"3873625","g","-","yidX","frameshift","ECK3688","b3696","JW5858"
"3876595","g","c","gyrB","missense P385A","ECK3691","b3699","JW5625"
"3881511","g","-","dnaA-rpmH","intergenic","ECK3694-ECK3695","b3702-b3703","JW3679-JW3680"
"3896325","-","g","yieK","frameshift","ECK3711","b3718","JW5613"
"3927063","-","g","yieM","frameshift","ECK3739","b3745","JW5610"
"3930457","c","-","trkD","frameshift","ECK3741","b3747","JW5609"
"3930568","-","g","trkD","frameshift","ECK3741","b3747","JW5609"
"3930678","-","g","trkD","intergenic","ECK3741-ECK3742","b3747-b3748","JW5609-JW5857"
"3938588","-","tgc","yieP","insertion INS75A","ECK3749","b3755","JW5608"
"3940332","-","g","yieP-hdfR","intergenic","ECK3749-ECK3756","b3755-b3762","JW5608-JW5607"
"3941734","a","-","yieP-hdfR","intergenic","ECK3749-ECK3756","b3755-b3762","JW5608-JW5607"
"3943707","t","-","yieP-hdfR","intergenic","ECK3749-ECK3756","b3755-b3762","JW5608-JW5607"
"3943771","-","g","yieP-hdfR","intergenic","ECK3749-ECK3756","b3755-b3762","JW5608-JW5607"
"3944125","t","g","yieP-hdfR","intergenic","ECK3749-ECK3756","b3755-b3762","JW5608-JW5607"
"3944127","a","-","yieP-hdfR","intergenic","ECK3749-ECK3756","b3755-b3762","JW5608-JW5607"
"3944129","g","a","yieP-hdfR","intergenic","ECK3749-ECK3756","b3755-b3762","JW5608-JW5607"
"3944244","c","a","yieP-hdfR","intergenic","ECK3749-ECK3756","b3755-b3762","JW5608-JW5607"
"3944676","cg","gc","yieP-hdfR","intergenic","ECK3749-ECK3756","b3755-b3762","JW5608-JW5607"
"3945351","-","c","hdfR","fusion","ECK3756","b3763","JW5607"
"3950557","cg","gc","ilvE","missense R151A","ECK3762","b3770","JW5606"
"3951167","-","c","ilvD","frameshift","ECK3763","b3771","JW5605"
"3951169","-","g","ilvD","frameshift","ECK3763","b3771","JW5605"
"3957093","-","cc","ppiC-yifN","intergenic","ECK3767-ECK3768","b3775-b3776","JW3748-JW3749"
"3957125","-","g","ppiC-yifN","intergenic","ECK3767-ECK3768","b3775-b3776","JW3748-JW3749"
"3957576","t","g","ppiC-yifN","intergenic","ECK3767-ECK3768","b3775-b3776","JW3748-JW3749"
"3957578","c","gct","ppiC-yifN","intergenic","ECK3767-ECK3768","b3775-b3776","JW3748-JW3749"
"3957587","-","c","ppiC-yifN","intergenic","ECK3767-ECK3768","b3775-b3776","JW3748-JW3749"
"3958877","gc","cg","rep","missense A196R","ECK3770","b3778","JW5604"
"3960578","gc","cg","gpp","missense L423V","ECK3771","b3779","JW5603"
"3961588","c","g","gpp","missense R86T","ECK3771","b3779","JW5603"
"3968318","-","cgt","rffE","insertion INS191R","ECK3778","b3786","JW5600"
"3969103","cg","gc","rffD","missense R78A","ECK3779","b3787","JW5599"
"3971075","cg","gc","rffG","missense C314W, V315L","ECK3780","b3788","JW5598"
"3972637","cg","gc","rffC","missense R144A","ECK3782","b3790","JW5597"
"3975313","c","-","rffT","fusion","ECK3785","b4404","JW5596"
"3978712","c","t","yifK","missense S68F","ECK3788","b3795","JW5595"
"3979535","-","g","yifK","frameshift","ECK3788","b3795","JW5595"
"3979545","g","-","yifK","frameshift","ECK3788","b3795","JW5595"
"3980918","gc","cg","aslB","missense W116C, P117A","ECK3793","b3800","JW5594"
"3987586","cg","gc","hemC","missense G193A","ECK3799","b3805","JW5593"
"3987822","gc","cg","hemC","missense R272A","ECK3799","b3805","JW5593"
"3998290","-","g","yigE","fusion","ECK3809","b3815","JW5591"
"4001421","cg","gc","rarD","missense D127E, G128R","ECK3813","b3819","JW5589"
"4001486","cg","gc","rarD","missense R106A","ECK3813","b3819","JW5589"
"4001718","-","c","rarD","frameshift","ECK3813","b3819","JW5589"
"4004980","-","g","recQ","frameshift","ECK3816","b3822","JW5855"
"4004985","-","cg","recQ","frameshift","ECK3816","b3822","JW5855"
"4005602","-","c","recQ-rhtC","intergenic","ECK3816-ECK3817","b3822-b3823","JW5855-JW5586"
"4006481","-","c","rhtB-pldB","intergenic","ECK3818-ECK3819","b3824-b3825","JW5585-JW5584"
"4007718","gc","cg","pldB","missense A315R","ECK3819","b3825","JW5584"
"4007908","-","gg","pldB-yigL","intergenic","ECK3819-ECK3820","b3825-b3826","JW5584-JW5854"
"4008373","-","a","yigL","frameshift","ECK3820","b3826","JW5854"
"4008392","-","c","yigL","frameshift","ECK3820","b3826","JW5854"
"4008393","c","g","yigL","missense out-of-frame","ECK3820","b3826","JW5854"
"4008399","-","aaga","yigL","frameshift","ECK3820","b3826","JW5854"
"4008403","-","g","yigL","frameshift","ECK3820","b3826","JW5854"
"4008411","-","c","yigL","frameshift","ECK3820","b3826","JW5854"
"4008422","-","t","yigL","frameshift","ECK3820","b3826","JW5854"
"4008430","-","tg","yigL","frameshift","ECK3820","b3826","JW5854"
"4008470","-","ga","yigL-yigM","intergenic","ECK3820-ECK3821","b3826-b3827","JW5854-JW3803"
"4008472","a","g","yigL-yigM","intergenic","ECK3820-ECK3821","b3826-b3827","JW5854-JW3803"
"4008491","gc","cg","yigL-yigM","intergenic","ECK3820-ECK3821","b3826-b3827","JW5854-JW3803"
"4008525","-","g","yigL-yigM","intergenic","ECK3820-ECK3821","b3826-b3827","JW5854-JW3803"
"4013176","c","g","ysgA","missense out-of-frame","ECK3824","b3830","JW5853"
"4013178","-","c","ysgA","frameshift","ECK3824","b3830","JW5853"
"4013718","-","g","ysgA","frameshift","ECK3824","b3830","JW5853"
"4013771","-","c","ysgA-udp","intergenic","ECK3824-ECK3825","b3830-b3831","JW5853-JW3808"
"4016743","c","t","ubiE","missense P101L","ECK3827","b3833","JW5581"
"4019857","c","t","tatB","missense P65S","ECK3831","b3838","JW5580"
"4019860","cc","-","tatB","frameshift","ECK3831","b3838","JW5580"
"4021684","c","-","tatD","fusion","ECK3833","b3840","JW5579"
"4026252","cg","gc","fadA","missense T37S","ECK3837","b3845","JW5578"
"4031985","-","c","trkH","frameshift","ECK3841","b3849","JW5576"
"4033323","g","t","hemG","intergenic","ECK3842","b3850-b3851","JW3827-"
"4035071","tctgaagt","acgatgatgaatcgaaa","rrsA","rrsA region","ECK3843","b3851","JWR092"
"4039960","a","-","yihD-yihE","intergenic","ECK3850-ECK3851","b3858-b3859","JW3830-JW3831"
"4041654","g","a","dsbA-yihF","intergenic","ECK3852-ECK3853","b3860-b3861","JW3832-JW5574"
"4041666","-","t","dsbA-yihF","intergenic","ECK3852-ECK3853","b3860-b3861","JW3832-JW5574"
"4051144","c","-","hemN-glnG","intergenic","ECK3860-ECK3861","b3867-b3868","JW3838-JW3839"
"4051171","-","c","hemN-glnG","intergenic","ECK3860-ECK3861","b3867-b3868","JW3838-JW3839"
"4057759","-","c","bipA","frameshift","ECK3864","b3871","JW5571"
"4061961","c","-","yihO","fusion","ECK3869","b3876","JW5852"
"4085675","g","-","yiiG-frvR","intergenic","ECK3889-ECK3890","b3896-b3897","JW3867-JW3868"
"4091920","-","c","rhaD-rhaA","intergenic","ECK3895-ECK3896","b3902-b3903","JW3873-JW5561"
"4091926","ca","-","rhaD-rhaA","intergenic","ECK3895-ECK3896","b3902-b3903","JW3873-JW5561"
"4092004","cg","gc","rhaD-rhaA","intergenic","ECK3895-ECK3896","b3902-b3903","JW3873-JW5561"
"4092014","-","c","rhaD-rhaA","intergenic","ECK3895-ECK3896","b3902-b3903","JW3873-JW5561"
"4092486","cg","gc","rhaA","missense D359E, V360L","ECK3896","b3903","JW5561"
"4103520","-","t","cpxP","fusion","ECK3906","b3913","JW5558"
"4139668","-","c","ptsA","fusion","ECK3939","b3948","JW5555"
"4175948","-","g","nusG-rplK","intergenic","ECK3973-ECK3974","b3982-b3883","JW3945-JW3946"
"4194577","cg","gc","nudC","missense R33A","ECK3988","b3996","JW5548"
"4207465","a","-","rrsE","rrnE region","ECK3999","b4007","JWR107"
"4311497","-","c","yjdP","inversion","ECK4084","b4487","JW5890"
"4316203","t","a","phnK","missense Q47L","ECK4090","b4097","JW5727"
"4435685","-","a","ytfI","frameshift","ECK4211","b4215","JW5748"
"4448540","-","cg","ytfQ","intergenic","ECK4223","b4227-b4228","JW4186-"
"4448542","g","c","ytfQ","intergenic","ECK4223","b4227-b4228","JW4186-"
"4449738","-","g","ytfR","fusion","ECK4224","b4228","JW5752"
"4474824","-","a","yjgL-argI","intergenic","ECK4246-ECK4247","b4253-b4254","JW5757-JW4211"
"4474849","ccgcatcttatagcgatcag","gtatttcccggcatctttatagcgatagca","yjgL-argI","intergenic","ECK4246-ECK4247","b4253-b4254","JW5757-JW4211"
"4477041","g","-","yjgM-yjgN","intergenic","ECK4249-ECK4250","b4256-b4257","JW5758-JW5759"
"4477069","-","c","yjgM-yjgN","intergenic","ECK4249-ECK4250","b4256-b4257","JW5758-JW5759"
"4477279","t","-","yjgN","frameshift","ECK4250","b4257","JW5759"
"4477321","a","-","yjgN","frameshift","ECK4250","b4257","JW5759"
"4478497","a","-","yjgN-valS","intergenic","ECK4250-ECK4251","b4257-b4258","JW5759-JW4215"
"4478511","t","-","yjgN-valS","intergenic","ECK4250-ECK4251","b4257-b4258","JW5759-JW4215"
"4478527","g","-","yjgN-valS","intergenic","ECK4250-ECK4251","b4257-b4258","JW5759-JW4215"
"4542643","g","-","fimC-fimD","intergenic","ECK4307-ECK4308","b4316-b4317","JW4279-JW5780"
"4544170","t","c","fimD","silent","ECK4308","b4317","JW5780"
"4573189","g","-","yjiV","fusion","ECK4334","b4486","JW5954"
"4593254","cg","gc","yjjM","missense A20G","ECK4347","b4357","JW5792"
"4593337","-","g","yjjM","frameshift","ECK4347","b4357","JW5792"
"4608595","cg","gc","prfC-osmY","intergenic","ECK4366-ECK4367","b4375-b4376","JW5873-JW4338"
