example_id,example_category,example_category_label,paper_id,doi,database,source_id,status,difference_categories,database_annotation,paper_review_result,why_difference,source_locator_summary,final_artifact_path,release_table_path,guardrail
EX001,unresolved_or_missing_material,材料缺失或仍无法判定,doi__10.1038_s41598-017-16784-6,,DBAASP,DBAASPR_3442,unresolved_record,activity_value_or_unit;row_granularity;sequence_or_modification;unresolved_or_missing_material,database=DBAASP; source_id=DBAASPR_3442; subject=Staphylococcus aureus 547582; measure=MIC,"conflict_context: The current paper text routes these checkerboard MIC/FICI values to Tables S1/S2, but the local packet lacks the MOESM1 PDF that should contain those supplement tables. | review_notes: The current paper text routes these checkerboard MIC/FICI values to Tables S1/S2, but the local packet lacks the MOESM1 PDF that should contain those supplement tables. | sequence_check: {""database_sequence"": """", ""modification_context"": """", ""source_locator"": {""locator"": ""xml:sec=13:Synergistic effect of Macropin and antibiotics"", ""source_path"": ""source/paper.xml""}, ""source_sequence"": ""GFGMALKLLKKVL-NH2"", ""status"": ""Macropi...",关键补充材料、图表精确值或行级映射不足，当前不能安全判定。 当前状态为 `unresolved_record`。,"traceability={""locator"": ""database:linked_assay_records.jsonl:row=7"", ""source_path"": ""/root/work/抗菌肽/数据库/batch/4-team/paper_packets/doi__10.1038_s41598-017-16784-6/database/linked_assay_records.jsonl""} ; citation_traceability={""locator"": ""xml:article-meta"", ""source_path"": ""source/paper.xml""}",papers/doi__10.1038_s41598-017-16784-6/final/database_record_verification.json,releases/amp_evidence_atlas_v1_rc1/database_record_audits.tsv,表示关键材料或行级映射不足；不能猜测补齐或提升为 source_verified。
EX002,unresolved_or_missing_material,材料缺失或仍无法判定,doi__10.1038_s41598-017-16784-6,,DBAASP,DBAASPR_3442,unresolved_record,activity_value_or_unit;row_granularity;sequence_or_modification;unresolved_or_missing_material,database=DBAASP; source_id=DBAASPR_3442; subject=Staphylococcus aureus 547582; measure=MIC,"conflict_context: The current paper text routes these checkerboard MIC/FICI values to Tables S1/S2, but the local packet lacks the MOESM1 PDF that should contain those supplement tables. | review_notes: The current paper text routes these checkerboard MIC/FICI values to Tables S1/S2, but the local packet lacks the MOESM1 PDF that should contain those supplement tables. | sequence_check: {""database_sequence"": """", ""modification_context"": """", ""source_locator"": {""locator"": ""xml:sec=13:Synergistic effect of Macropin and antibiotics"", ""source_path"": ""source/paper.xml""}, ""source_sequence"": ""GFGMALKLLKKVL-NH2"", ""status"": ""Macropi...",关键补充材料、图表精确值或行级映射不足，当前不能安全判定。 当前状态为 `unresolved_record`。,"traceability={""locator"": ""database:linked_assay_records.jsonl:row=8"", ""source_path"": ""/root/work/抗菌肽/数据库/batch/4-team/paper_packets/doi__10.1038_s41598-017-16784-6/database/linked_assay_records.jsonl""} ; citation_traceability={""locator"": ""xml:article-meta"", ""source_path"": ""source/paper.xml""}",papers/doi__10.1038_s41598-017-16784-6/final/database_record_verification.json,releases/amp_evidence_atlas_v1_rc1/database_record_audits.tsv,表示关键材料或行级映射不足；不能猜测补齐或提升为 source_verified。
EX003,unresolved_or_missing_material,材料缺失或仍无法判定,doi__10.1038_s41598-017-16784-6,,DBAASP,DBAASPR_3442,unresolved_record,activity_value_or_unit;row_granularity;sequence_or_modification;unresolved_or_missing_material,database=DBAASP; source_id=DBAASPR_3442; subject=Staphylococcus aureus 547582; measure=MIC,"conflict_context: The current paper text routes these checkerboard MIC/FICI values to Tables S1/S2, but the local packet lacks the MOESM1 PDF that should contain those supplement tables. | review_notes: The current paper text routes these checkerboard MIC/FICI values to Tables S1/S2, but the local packet lacks the MOESM1 PDF that should contain those supplement tables. | sequence_check: {""database_sequence"": """", ""modification_context"": """", ""source_locator"": {""locator"": ""xml:sec=13:Synergistic effect of Macropin and antibiotics"", ""source_path"": ""source/paper.xml""}, ""source_sequence"": ""GFGMALKLLKKVL-NH2"", ""status"": ""Macropi...",关键补充材料、图表精确值或行级映射不足，当前不能安全判定。 当前状态为 `unresolved_record`。,"traceability={""locator"": ""database:linked_assay_records.jsonl:row=9"", ""source_path"": ""/root/work/抗菌肽/数据库/batch/4-team/paper_packets/doi__10.1038_s41598-017-16784-6/database/linked_assay_records.jsonl""} ; citation_traceability={""locator"": ""xml:article-meta"", ""source_path"": ""source/paper.xml""}",papers/doi__10.1038_s41598-017-16784-6/final/database_record_verification.json,releases/amp_evidence_atlas_v1_rc1/database_record_audits.tsv,表示关键材料或行级映射不足；不能猜测补齐或提升为 source_verified。
EX004,database_only_no_primary_source,数据库有断言但 primary source 不支持,doi__10.3390_antibiotics11010076,,DBAASP,DBAASP:DBAASPR_919,database_only_no_primary_source,activity_value_or_unit;database_only_no_primary_source;row_granularity;sequence_or_modification;target_or_organism,database=DBAASP; source_id=DBAASP:DBAASPR_919; subject=Klebsiella pneumoniae; measure=MIC; unit=µg/ml,"conflict_context: database-only row retained as provenance, not promoted to a primary-source assay row. | review_notes: Database row is linked to this paper but does not provide a record-level activity value; primary XML activity is preserved separately. | sequence_check: {""peptide"": ""hBD-3"", ""source_locator"": {""locator"": ""xml:table=1:row=2"", ""primary_source_statement"": ""Table 1 provides peptide sequence and physicochemical properties."", ""source_path"": ""papers/doi__10.3390_antibiotics11010076/source/paper.x...",数据库断言无法在当前 primary source 中定位支持。 当前状态为 `database_only_no_primary_source`。,"traceability={""locator"": ""database:linked_experiment_records:row=1"", ""source_path"": ""paper_packets/doi__10.3390_antibiotics11010076/database/linked_experiment_records.jsonl""} ; citation_traceability={""locator"": ""xml:article-meta"", ""source_path"": ""papers/doi__10.3390_antibiotics11010076/source/paper.xml""}",papers/doi__10.3390_antibiotics11010076/final/database_record_verification.json,releases/amp_evidence_atlas_v1_rc1/database_record_audits.tsv,表示当前 primary source 中没有可定位支持；不能证明原断言一定错误或从未存在。
EX005,database_only_no_primary_source,数据库有断言但 primary source 不支持,doi__10.3390_antibiotics11010076,,DBAASP,DBAASP:DBAASPR_919,database_only_no_primary_source,activity_value_or_unit;database_only_no_primary_source;row_granularity;sequence_or_modification;target_or_organism,database=DBAASP; source_id=DBAASP:DBAASPR_919; subject=Klebsiella pneumoniae CR; measure=MIC; unit=µg/ml,"conflict_context: database-only row retained as provenance, not promoted to a primary-source assay row. | review_notes: Database row is linked to this paper but does not provide a record-level activity value; primary XML activity is preserved separately. | sequence_check: {""peptide"": ""hBD-3"", ""source_locator"": {""locator"": ""xml:table=1:row=2"", ""primary_source_statement"": ""Table 1 provides peptide sequence and physicochemical properties."", ""source_path"": ""papers/doi__10.3390_antibiotics11010076/source/paper.x...",数据库断言无法在当前 primary source 中定位支持。 当前状态为 `database_only_no_primary_source`。,"traceability={""locator"": ""database:linked_experiment_records:row=2"", ""source_path"": ""paper_packets/doi__10.3390_antibiotics11010076/database/linked_experiment_records.jsonl""} ; citation_traceability={""locator"": ""xml:article-meta"", ""source_path"": ""papers/doi__10.3390_antibiotics11010076/source/paper.xml""}",papers/doi__10.3390_antibiotics11010076/final/database_record_verification.json,releases/amp_evidence_atlas_v1_rc1/database_record_audits.tsv,表示当前 primary source 中没有可定位支持；不能证明原断言一定错误或从未存在。
EX006,database_only_no_primary_source,数据库有断言但 primary source 不支持,doi__10.3390_antibiotics11010076,,DBAASP,DBAASP:DBAASPR_919,database_only_no_primary_source,activity_value_or_unit;database_only_no_primary_source;row_granularity;sequence_or_modification;target_or_organism,database=DBAASP; source_id=DBAASP:DBAASPR_919; subject=Klebsiella aerogenes; measure=MIC; unit=µg/ml,"conflict_context: database-only row retained as provenance, not promoted to a primary-source assay row. | review_notes: Database row is linked to this paper but does not provide a record-level activity value; primary XML activity is preserved separately. | sequence_check: {""peptide"": ""hBD-3"", ""source_locator"": {""locator"": ""xml:table=1:row=2"", ""primary_source_statement"": ""Table 1 provides peptide sequence and physicochemical properties."", ""source_path"": ""papers/doi__10.3390_antibiotics11010076/source/paper.x...",数据库断言无法在当前 primary source 中定位支持。 当前状态为 `database_only_no_primary_source`。,"traceability={""locator"": ""database:linked_experiment_records:row=3"", ""source_path"": ""paper_packets/doi__10.3390_antibiotics11010076/database/linked_experiment_records.jsonl""} ; citation_traceability={""locator"": ""xml:article-meta"", ""source_path"": ""papers/doi__10.3390_antibiotics11010076/source/paper.xml""}",papers/doi__10.3390_antibiotics11010076/final/database_record_verification.json,releases/amp_evidence_atlas_v1_rc1/database_record_audits.tsv,表示当前 primary source 中没有可定位支持；不能证明原断言一定错误或从未存在。
EX007,mechanism_or_claim_scope,机制标签/证据范围,doi__10.3389_fmicb.2017.00051,,APD6,APD6:AP02787,source_conflict,activity_value_or_unit;database_only_no_primary_source;mechanism_or_claim_scope;sequence_or_modification;target_or_organism,database=APD6; source_id=APD6:AP02787; subject=Comparative Analysis of the Bacterial Membrane Disruption Effect of Two Natural Plant Antimicrobial Peptides.; measure=Unknown,"matched_activity=doi__10.3389_fmicb.2017.00051-table3-ncr247-salmonella_enterica-mic,doi__10.3389_fmicb.2017.00051-table3-ncr247-listeri... | conflict_context: source_conflict: APD6 row partly matches NCR247 MIC values in Table 3, but its Candida claims are not supported by local XML/PDF for this paper and are preserved as database-only claims. | review_notes: source_conflict: APD6 row partly matches NCR247 MIC values in Table 3, but its Candida claims are not supported by local XML/PDF for this paper and are preserved as database-only claims. | sequence_check: {""entity"": ""NCR247"", ""primary_sequence"": ""RNGCIVDPRCPYQQCRRPLYCRRR"", ""source_locator"": {""locator"": ""xml:table=1:row=1"", ""source_path"": ""source/paper.xml""}, ""source_organism_check"": {""primary_source_organism"": ""Medicago truncatula"", ""source...",数据库或记录层面的功能/机制标签宽于、窄于或不同于论文中的直接机制证据。 当前状态为 `source_conflict`。,"source_locator={""locator"": ""xml:table=1;xml:table=3"", ""source_path"": ""source/paper.xml""} ; traceability={""locator"": ""database:linked_experiment_records:row=9"", ""source_path"": ""/root/work/抗菌肽/数据库/batch/4-team/paper_packets/doi__10.3389_fmicb.2017.00051/database/linked_experiment_records.jsonl""}",papers/doi__10.3389_fmicb.2017.00051/final/database_record_verification.json,releases/amp_evidence_atlas_v1_rc1/database_record_audits.tsv,表示数据库字段与当前论文证据存在冲突或粒度差异；不能自动等同于数据库错误。
EX008,mechanism_or_claim_scope,机制标签/证据范围,doi__10.1007_s00018-022-04440-w,10.1007/s00018-022-04440-w,DBAASP,DBAASP:DBAASPS_22793,source_conflict,activity_value_or_unit;mechanism_or_claim_scope;sequence_or_modification;target_or_organism,database=DBAASP; source_id=DBAASP:DBAASPS_22793; record_name=CD4-PP; subject=Escherichia coli CFT073; measure=MBIC; unit=µM,"matched_activity=doi__10.1007_s00018-022-04440-w:biofilm_prevention:e_coli_cft073 | conflict_context: source_conflict: primary source supports 10 µM CD4-PP biofilm prevention, but the database MBIC/MBIC50 endpoint label is not stated as an exact threshold term in the paper. | review_notes: Value and target are source-supported as treatment conditions; endpoint label remains a database normalization caution. | sequence_check: {""merged_sequence_sources"": [""/mnt/d/work/抗菌肽/数据库/merged_amp_corpus/output/sequences/all_sequences.csv:APD6:AP04667"", ""/mnt/d/work/抗菌肽/数据库/merged_amp_corpus/output/sequences/all_sequences.csv:DBAASP:DBAASPS_22793""], ""primary_sequence"": ""CP...",数据库或记录层面的功能/机制标签宽于、窄于或不同于论文中的直接机制证据。 当前状态为 `source_conflict`。,"source_locator=[{""locator"": ""database:linked_assay_records.jsonl:row=1"", ""source_path"": ""paper_packets/doi__10.1007_s00018-022-04440-w/database/linked_assay_records.jsonl""}, {""figure_image_path"": ""paper_packets/doi__10.1007_s00018-022-04440-w/extracted/oa_package/local-APD6... ; traceability={""locator"": ""database:linked_assay_records.jsonl:row=1"", ""source_path"": ""paper_packets/doi__10.1007_s00018-022-04440-w/database/linked_assay_records.jsonl""}",papers/doi__10.1007_s00018-022-04440-w/final/database_record_verification.json,releases/amp_evidence_atlas_v1_rc1/database_record_audits.tsv,表示数据库字段与当前论文证据存在冲突或粒度差异；不能自动等同于数据库错误。
EX009,mechanism_or_claim_scope,机制标签/证据范围,doi__10.1007_s00018-022-04440-w,10.1007/s00018-022-04440-w,DBAASP,DBAASP:DBAASPS_22793,source_conflict,activity_value_or_unit;mechanism_or_claim_scope;sequence_or_modification;target_or_organism,database=DBAASP; source_id=DBAASP:DBAASPS_22793; record_name=CD4-PP; subject=Pseudomonas aeruginosa ATCC 27853; measure=MBIC50; unit=µM,"matched_activity=doi__10.1007_s00018-022-04440-w:biofilm_prevention:p_aeruginosa_atcc27853 | conflict_context: source_conflict: primary source supports 10 µM CD4-PP biofilm prevention, but the database MBIC/MBIC50 endpoint label is not stated as an exact threshold term in the paper. | review_notes: Value and target are source-supported as treatment conditions; endpoint label remains a database normalization caution. | sequence_check: {""merged_sequence_sources"": [""/mnt/d/work/抗菌肽/数据库/merged_amp_corpus/output/sequences/all_sequences.csv:APD6:AP04667"", ""/mnt/d/work/抗菌肽/数据库/merged_amp_corpus/output/sequences/all_sequences.csv:DBAASP:DBAASPS_22793""], ""primary_sequence"": ""CP...",数据库或记录层面的功能/机制标签宽于、窄于或不同于论文中的直接机制证据。 当前状态为 `source_conflict`。,"source_locator=[{""locator"": ""database:linked_assay_records.jsonl:row=2"", ""source_path"": ""paper_packets/doi__10.1007_s00018-022-04440-w/database/linked_assay_records.jsonl""}, {""figure_image_path"": ""paper_packets/doi__10.1007_s00018-022-04440-w/extracted/oa_package/local-APD6... ; traceability={""locator"": ""database:linked_assay_records.jsonl:row=2"", ""source_path"": ""paper_packets/doi__10.1007_s00018-022-04440-w/database/linked_assay_records.jsonl""}",papers/doi__10.1007_s00018-022-04440-w/final/database_record_verification.json,releases/amp_evidence_atlas_v1_rc1/database_record_audits.tsv,表示数据库字段与当前论文证据存在冲突或粒度差异；不能自动等同于数据库错误。
EX010,row_granularity,数据库行粒度 vs 论文行粒度,doi__10.1038_srep09761,,DBAASP,DBAASPS_10050,source_conflict,activity_value_or_unit;row_granularity;sequence_or_modification;target_or_organism,database=DBAASP; source_id=DBAASPS_10050; subject=Streptococcus pneumoniae; measure=MIC,"conflict_context: DBAASP FIC row links to Table 4 but lacks the partner peptide and/or PRSP/PISP/PSSP group needed for exact row-level promotion. | review_notes: DBAASP FIC row links to Table 4 but lacks the partner peptide and/or PRSP/PISP/PSSP group needed for exact row-level promotion. | sequence_check: {""agreement"": ""sequence_letters_match_primary_source; terminal_amidation_not_normalized_in_snapshot"", ""database_modification_fields"": ""Local merged database sequence snapshot records the amino-acid letters but does not encode the terminal ... | modification_check: {""database_modification_fields"": ""Local merged database sequence snapshot records the amino-acid letters but does not encode the terminal -NH2 modification."", ""primary_modifications"": ""C-terminal amidation (-NH2) reported for Table 1 seque... | activity_check: {""database_unit"": ""unitless FIC index"", ""database_value"": ""0.75"", ""match_status"": ""database_row_lacks_partner_or_isolate_group"", ""primary_endpoint"": ""FIC_index"", ""source_locator"": {""locator"": ""xml:table=4"", ""source_path"": ""source/paper.xml...",数据库把论文多行、多个 isolate 或多个条件压缩为单行/范围/文本摘要。 当前状态为 `source_conflict`。,"traceability={""locator"": ""database:linked_assay_records.jsonl:row=4"", ""source_path"": ""paper_packets/doi__10.1038_srep09761/database/linked_assay_records.jsonl""} ; citation_traceability={""locator"": ""xml:article-meta:doi=10.1038/srep09761;pmid=25985150;pmcid=PMC4434909"", ""source_path"": ""source/paper.xml""}",papers/doi__10.1038_srep09761/final/database_record_verification.json,releases/amp_evidence_atlas_v1_rc1/database_record_audits.tsv,表示数据库字段与当前论文证据存在冲突或粒度差异；不能自动等同于数据库错误。
EX011,row_granularity,数据库行粒度 vs 论文行粒度,doi__10.1038_srep09761,,DBAASP,DBAASPS_10050,source_conflict,activity_value_or_unit;row_granularity;sequence_or_modification;target_or_organism,database=DBAASP; source_id=DBAASPS_10050; subject=Streptococcus pneumoniae; measure=MIC,"conflict_context: DBAASP FIC row links to Table 4 but lacks the partner peptide and/or PRSP/PISP/PSSP group needed for exact row-level promotion. | review_notes: DBAASP FIC row links to Table 4 but lacks the partner peptide and/or PRSP/PISP/PSSP group needed for exact row-level promotion. | sequence_check: {""agreement"": ""sequence_letters_match_primary_source; terminal_amidation_not_normalized_in_snapshot"", ""database_modification_fields"": ""Local merged database sequence snapshot records the amino-acid letters but does not encode the terminal ... | modification_check: {""database_modification_fields"": ""Local merged database sequence snapshot records the amino-acid letters but does not encode the terminal -NH2 modification."", ""primary_modifications"": ""C-terminal amidation (-NH2) reported for Table 1 seque... | activity_check: {""database_unit"": ""unitless FIC index"", ""database_value"": ""0.75"", ""match_status"": ""database_row_lacks_partner_or_isolate_group"", ""primary_endpoint"": ""FIC_index"", ""source_locator"": {""locator"": ""xml:table=4"", ""source_path"": ""source/paper.xml...",数据库把论文多行、多个 isolate 或多个条件压缩为单行/范围/文本摘要。 当前状态为 `source_conflict`。,"traceability={""locator"": ""database:linked_assay_records.jsonl:row=5"", ""source_path"": ""paper_packets/doi__10.1038_srep09761/database/linked_assay_records.jsonl""} ; citation_traceability={""locator"": ""xml:article-meta:doi=10.1038/srep09761;pmid=25985150;pmcid=PMC4434909"", ""source_path"": ""source/paper.xml""}",papers/doi__10.1038_srep09761/final/database_record_verification.json,releases/amp_evidence_atlas_v1_rc1/database_record_audits.tsv,表示数据库字段与当前论文证据存在冲突或粒度差异；不能自动等同于数据库错误。
EX012,row_granularity,数据库行粒度 vs 论文行粒度,doi__10.1038_srep09761,,DBAASP,DBAASPS_10050,source_conflict,activity_value_or_unit;row_granularity;sequence_or_modification;target_or_organism,database=DBAASP; source_id=DBAASPS_10050; subject=Streptococcus pneumoniae; measure=MIC,"conflict_context: DBAASP FIC row links to Table 4 but lacks the partner peptide and/or PRSP/PISP/PSSP group needed for exact row-level promotion. | review_notes: DBAASP FIC row links to Table 4 but lacks the partner peptide and/or PRSP/PISP/PSSP group needed for exact row-level promotion. | sequence_check: {""agreement"": ""sequence_letters_match_primary_source; terminal_amidation_not_normalized_in_snapshot"", ""database_modification_fields"": ""Local merged database sequence snapshot records the amino-acid letters but does not encode the terminal ... | modification_check: {""database_modification_fields"": ""Local merged database sequence snapshot records the amino-acid letters but does not encode the terminal -NH2 modification."", ""primary_modifications"": ""C-terminal amidation (-NH2) reported for Table 1 seque... | activity_check: {""database_unit"": ""unitless FIC index"", ""database_value"": ""0.75"", ""match_status"": ""database_row_lacks_partner_or_isolate_group"", ""primary_endpoint"": ""FIC_index"", ""source_locator"": {""locator"": ""xml:table=4"", ""source_path"": ""source/paper.xml...",数据库把论文多行、多个 isolate 或多个条件压缩为单行/范围/文本摘要。 当前状态为 `source_conflict`。,"traceability={""locator"": ""database:linked_assay_records.jsonl:row=6"", ""source_path"": ""paper_packets/doi__10.1038_srep09761/database/linked_assay_records.jsonl""} ; citation_traceability={""locator"": ""xml:article-meta:doi=10.1038/srep09761;pmid=25985150;pmcid=PMC4434909"", ""source_path"": ""source/paper.xml""}",papers/doi__10.1038_srep09761/final/database_record_verification.json,releases/amp_evidence_atlas_v1_rc1/database_record_audits.tsv,表示数据库字段与当前论文证据存在冲突或粒度差异；不能自动等同于数据库错误。
EX013,target_or_organism,靶标/物种/菌株粒度,doi__10.1007_s12602-025-10542-1,,DBAASP,DBAASPR_23863,source_conflict,activity_value_or_unit;sequence_or_modification;target_or_organism,"database=DBAASP; source_id=DBAASPR_23863; record_name=Bombinin-like peptide 7S, BLP-7S; subject=Horse erythrocytes; measure=50% Hemolysis; value=111.9; unit=µM","conflict_context: Database assay row could not be matched to a primary-source row with the same peptide, endpoint, target, and value; preserve as source_conflict rather than fabricating a value. | review_notes: Database assay row could not be matched to a primary-source row with the same peptide, endpoint, target, and value; preserve as source_conflict rather than fabricating a value. | sequence_check: {""conflict_flags"": [""primary_table_reports_C_terminal_NH2_but_database_sequence_field_stores_core_sequence_only""], ""source_locator"": [{""kind"": ""primary_xml_table"", ""locator"": ""xml:table=1:row=2"", ""path"": ""papers/doi__10.1007_s12602-025-105...",数据库的物种、菌株、分离株、细胞系或对象粒度与论文证据不完全一致。 当前状态为 `source_conflict`。,"source_locator=[{""kind"": ""primary_xml_table"", ""locator"": ""xml:table=1:row=2"", ""path"": ""papers/doi__10.1007_s12602-025-10542-1/source/paper.xml""}, {""kind"": ""primary_xml_methods"", ""locator"": ""xml:sec=7:Peptide Synthesis, Purification, and Characterisation"", ""path"": ""papers/do... ; traceability={""locator"": ""database:linked_assay_records:row=1"", ""source_path"": ""paper_packets/doi__10.1007_s12602-025-10542-1/database/linked_assay_records.jsonl""}",papers/doi__10.1007_s12602-025-10542-1/final/database_record_verification.json,releases/amp_evidence_atlas_v1_rc1/database_record_audits.tsv,表示数据库字段与当前论文证据存在冲突或粒度差异；不能自动等同于数据库错误。
EX014,target_or_organism,靶标/物种/菌株粒度,doi__10.1007_s12602-025-10542-1,,DBAASP,DBAASPR_23863,sequence_modified_not_normalized,activity_value_or_unit;sequence_or_modification;target_or_organism,"database=DBAASP; source_id=DBAASPR_23863; record_name=Bombinin-like peptide 7S, BLP-7S; subject=Staphylococcus aureus ATCC 6538; measure=MIC; value=8; unit=µM","matched_activity=doi__10.1007_s12602-025-10542-1:xml:table_3:row_2:column_2:blp7s:MIC | conflict_context: Activity value is source-matched; sequence identity carries terminal-amidation normalization caveat from Table 1. | review_notes: Database assay value and target matched a primary-source activity/toxicity record. | sequence_check: {""conflict_flags"": [""primary_table_reports_C_terminal_NH2_but_database_sequence_field_stores_core_sequence_only""], ""source_locator"": [{""kind"": ""primary_xml_table"", ""locator"": ""xml:table=1:row=2"", ""path"": ""papers/doi__10.1007_s12602-025-105...",数据库的物种、菌株、分离株、细胞系或对象粒度与论文证据不完全一致。 当前状态为 `sequence_modified_not_normalized`。,"source_locator={""column"": ""BLP- 7S"", ""kind"": ""paper_table"", ""label"": ""Table 3"", ""locator"": ""xml:table=3:row=2:column=2"", ""row_index"": 2, ""source_path"": ""papers/doi__10.1007_s12602-025-10542-1/source/paper.xml""} ; traceability={""locator"": ""database:linked_assay_records:row=2"", ""source_path"": ""paper_packets/doi__10.1007_s12602-025-10542-1/database/linked_assay_records.jsonl""}",papers/doi__10.1007_s12602-025-10542-1/final/database_record_verification.json,releases/amp_evidence_atlas_v1_rc1/database_record_audits.tsv,表示序列、修饰、端基、D/L 构型或变体标签未能安全标准化；不能直接当作活性冲突。
EX015,target_or_organism,靶标/物种/菌株粒度,doi__10.1007_s12602-025-10542-1,,DBAASP,DBAASPR_23863,sequence_modified_not_normalized,activity_value_or_unit;sequence_or_modification;target_or_organism,"database=DBAASP; source_id=DBAASPR_23863; record_name=Bombinin-like peptide 7S, BLP-7S; subject=Staphylococcus aureus ATCC 6538; measure=MBC; value=8; unit=µM","matched_activity=doi__10.1007_s12602-025-10542-1:xml:table_3:row_2:column_2:blp7s:MBC | conflict_context: Activity value is source-matched; sequence identity carries terminal-amidation normalization caveat from Table 1. | review_notes: Database assay value and target matched a primary-source activity/toxicity record. | sequence_check: {""conflict_flags"": [""primary_table_reports_C_terminal_NH2_but_database_sequence_field_stores_core_sequence_only""], ""source_locator"": [{""kind"": ""primary_xml_table"", ""locator"": ""xml:table=1:row=2"", ""path"": ""papers/doi__10.1007_s12602-025-105...",数据库的物种、菌株、分离株、细胞系或对象粒度与论文证据不完全一致。 当前状态为 `sequence_modified_not_normalized`。,"source_locator={""column"": ""BLP- 7S"", ""kind"": ""paper_table"", ""label"": ""Table 3"", ""locator"": ""xml:table=3:row=2:column=2"", ""row_index"": 2, ""source_path"": ""papers/doi__10.1007_s12602-025-10542-1/source/paper.xml""} ; traceability={""locator"": ""database:linked_assay_records:row=3"", ""source_path"": ""paper_packets/doi__10.1007_s12602-025-10542-1/database/linked_assay_records.jsonl""}",papers/doi__10.1007_s12602-025-10542-1/final/database_record_verification.json,releases/amp_evidence_atlas_v1_rc1/database_record_audits.tsv,表示序列、修饰、端基、D/L 构型或变体标签未能安全标准化；不能直接当作活性冲突。
EX016,sequence_or_modification,序列/修饰/端基/构型,doi__10.1002_cbic.202100151,10.1002/cbic.202100151,DBAASP,DBAASP:DBAASPS_18493,source_conflict,activity_value_or_unit;sequence_or_modification,database=DBAASP; source_id=DBAASP:DBAASPS_18493; record_name=R4L S8L; subject=Horse erythrocytes; measure=0-10% Hemolysis,"matched_activity=doi__10.1002_cbic.202100151:table3:R4L_S8L:no_hemolysis_threshold | conflict_context: DBAASP peptide_name uses R4L,S4L while the primary paper consistently names and tests the variant as R4L S8L; activity values match the source table, but the variant label conflict is preserved. | review_notes: Preserved as source_conflict for the database variant label typo; do not smooth to source_verified. | sequence_check: {""database_sequence"": """", ""primary_source_sequence"": """", ""primary_source_support"": [""R4L S8L variant is named in Figure 5, Table 2, Table 3, and the Experimental Section""], ""source_locator"": [{""kind"": ""primary_xml_section"", ""locator"": ""xml...",数据库的序列、变体名、修饰或端基信息与论文审查结果不能安全等同。 当前状态为 `source_conflict`。,"source_locator=[{""kind"": ""primary_xml_section"", ""locator"": ""xml:sec=9:Experimental Section"", ""path"": ""paper_packets/doi__10.1002_cbic.202100151/raw/paper.xml""}, {""kind"": ""primary_xml_figure_caption"", ""locator"": ""xml:fig=5:Figure 5"", ""path"": ""paper_packets/doi__10.1002_cbic.... ; traceability={""locator"": ""database:linked_assay_records.jsonl:row=5"", ""source_path"": ""paper_packets/doi__10.1002_cbic.202100151/database/linked_assay_records.jsonl""}",papers/doi__10.1002_cbic.202100151/final/database_record_verification.json,releases/amp_evidence_atlas_v1_rc1/database_record_audits.tsv,表示数据库字段与当前论文证据存在冲突或粒度差异；不能自动等同于数据库错误。
EX017,sequence_or_modification,序列/修饰/端基/构型,doi__10.1002_cbic.202100151,10.1002/cbic.202100151,DBAASP,DBAASP:DBAASPS_18493,source_conflict,activity_value_or_unit;sequence_or_modification,database=DBAASP; source_id=DBAASP:DBAASPS_18493; record_name=R4L S8L; subject=Acinetobacter baumannii ATCC 19606; measure=MIC,"conflict_context: DBAASP peptide_name uses R4L,S4L while the primary paper consistently names and tests the variant as R4L S8L; activity values match the source table, but the variant label conflict is preserved. | review_notes: Preserved as source_conflict for the database variant label typo; do not smooth to source_verified. | sequence_check: {""database_sequence"": """", ""primary_source_sequence"": """", ""primary_source_support"": [""R4L S8L variant is named in Figure 5, Table 2, Table 3, and the Experimental Section""], ""source_locator"": [{""kind"": ""primary_xml_section"", ""locator"": ""xml...",数据库的序列、变体名、修饰或端基信息与论文审查结果不能安全等同。 当前状态为 `source_conflict`。,"source_locator=[{""kind"": ""primary_xml_section"", ""locator"": ""xml:sec=9:Experimental Section"", ""path"": ""paper_packets/doi__10.1002_cbic.202100151/raw/paper.xml""}, {""kind"": ""primary_xml_figure_caption"", ""locator"": ""xml:fig=5:Figure 5"", ""path"": ""paper_packets/doi__10.1002_cbic.... ; traceability={""locator"": ""database:linked_assay_records.jsonl:row=6"", ""source_path"": ""paper_packets/doi__10.1002_cbic.202100151/database/linked_assay_records.jsonl""}",papers/doi__10.1002_cbic.202100151/final/database_record_verification.json,releases/amp_evidence_atlas_v1_rc1/database_record_audits.tsv,表示数据库字段与当前论文证据存在冲突或粒度差异；不能自动等同于数据库错误。
EX018,sequence_or_modification,序列/修饰/端基/构型,doi__10.1002_cbic.202100151,10.1002/cbic.202100151,DBAASP,DBAASP:DBAASPS_18493,source_conflict,activity_value_or_unit;sequence_or_modification,database=DBAASP; source_id=DBAASP:DBAASPS_18493; record_name=R4L S8L; subject=Staphylococcus aureus ATCC 29213; measure=MIC,"conflict_context: DBAASP peptide_name uses R4L,S4L while the primary paper consistently names and tests the variant as R4L S8L; activity values match the source table, but the variant label conflict is preserved. | review_notes: Preserved as source_conflict for the database variant label typo; do not smooth to source_verified. | sequence_check: {""database_sequence"": """", ""primary_source_sequence"": """", ""primary_source_support"": [""R4L S8L variant is named in Figure 5, Table 2, Table 3, and the Experimental Section""], ""source_locator"": [{""kind"": ""primary_xml_section"", ""locator"": ""xml...",数据库的序列、变体名、修饰或端基信息与论文审查结果不能安全等同。 当前状态为 `source_conflict`。,"source_locator=[{""kind"": ""primary_xml_section"", ""locator"": ""xml:sec=9:Experimental Section"", ""path"": ""paper_packets/doi__10.1002_cbic.202100151/raw/paper.xml""}, {""kind"": ""primary_xml_figure_caption"", ""locator"": ""xml:fig=5:Figure 5"", ""path"": ""paper_packets/doi__10.1002_cbic.... ; traceability={""locator"": ""database:linked_assay_records.jsonl:row=7"", ""source_path"": ""paper_packets/doi__10.1002_cbic.202100151/database/linked_assay_records.jsonl""}",papers/doi__10.1002_cbic.202100151/final/database_record_verification.json,releases/amp_evidence_atlas_v1_rc1/database_record_audits.tsv,表示数据库字段与当前论文证据存在冲突或粒度差异；不能自动等同于数据库错误。
EX019,activity_value_or_unit,活性数值/单位/endpoint,doi__10.1002_cbic.202100151,10.1002/cbic.202100151,DBAASP,DBAASP:DBAASPS_18493,source_conflict,activity_value_or_unit;sequence_or_modification,database=DBAASP; source_id=DBAASP:DBAASPS_18493; record_name=R4L S8L; subject=Staphylococcus aureus ATCC 6538; measure=MIC,"conflict_context: DBAASP peptide_name uses R4L,S4L while the primary paper consistently names and tests the variant as R4L S8L; activity values match the source table, but the variant label conflict is preserved. | review_notes: Preserved as source_conflict for the database variant label typo; do not smooth to source_verified. | sequence_check: {""database_sequence"": """", ""primary_source_sequence"": """", ""primary_source_support"": [""R4L S8L variant is named in Figure 5, Table 2, Table 3, and the Experimental Section""], ""source_locator"": [{""kind"": ""primary_xml_section"", ""locator"": ""xml...",数据库的活性 endpoint、数值、单位或阈值与论文行级证据存在差异或需要保留 caution。 当前状态为 `source_conflict`。,"source_locator=[{""kind"": ""primary_xml_section"", ""locator"": ""xml:sec=9:Experimental Section"", ""path"": ""paper_packets/doi__10.1002_cbic.202100151/raw/paper.xml""}, {""kind"": ""primary_xml_figure_caption"", ""locator"": ""xml:fig=5:Figure 5"", ""path"": ""paper_packets/doi__10.1002_cbic.... ; traceability={""locator"": ""database:linked_assay_records.jsonl:row=8"", ""source_path"": ""paper_packets/doi__10.1002_cbic.202100151/database/linked_assay_records.jsonl""}",papers/doi__10.1002_cbic.202100151/final/database_record_verification.json,releases/amp_evidence_atlas_v1_rc1/database_record_audits.tsv,表示数据库字段与当前论文证据存在冲突或粒度差异；不能自动等同于数据库错误。
EX020,activity_value_or_unit,活性数值/单位/endpoint,doi__10.1007_s12602-025-10542-1,,DBAASP,DBAASPR_23863,sequence_modified_not_normalized,activity_value_or_unit;sequence_or_modification,"database=DBAASP; source_id=DBAASPR_23863; record_name=Bombinin-like peptide 7S, BLP-7S; sequence=SIGGALLSAGKSALKGLAKGLAEHFAN","primary_sequence=SIGGALLSAGKSALKGLAKGLAEHFAN-NH2 | conflict_context: Primary table includes a C-terminal amidation marker while the database sequence row stores only the amino-acid core; preserve as sequence_modified_not_normalized. | review_notes: Primary Table 1 and merged sequence/literature rows support identity; terminal-amidation normalization caveat preserved where applicable. | sequence_check: {""conflict_flags"": [""primary_table_reports_C_terminal_NH2_but_database_sequence_field_stores_core_sequence_only""], ""source_locator"": [{""kind"": ""primary_xml_table"", ""locator"": ""xml:table=1:row=2"", ""path"": ""papers/doi__10.1007_s12602-025-105...",数据库的活性 endpoint、数值、单位或阈值与论文行级证据存在差异或需要保留 caution。 当前状态为 `sequence_modified_not_normalized`。,"source_locator=[{""kind"": ""primary_xml_table"", ""locator"": ""xml:table=1:row=2"", ""path"": ""papers/doi__10.1007_s12602-025-10542-1/source/paper.xml""}, {""kind"": ""primary_xml_methods"", ""locator"": ""xml:sec=7:Peptide Synthesis, Purification, and Characterisation"", ""path"": ""papers/do... ; traceability={""locator"": ""database:linked_literature_records:row=8"", ""source_path"": ""paper_packets/doi__10.1007_s12602-025-10542-1/database/linked_literature_records.jsonl""}",papers/doi__10.1007_s12602-025-10542-1/final/database_record_verification.json,releases/amp_evidence_atlas_v1_rc1/database_record_audits.tsv,表示序列、修饰、端基、D/L 构型或变体标签未能安全标准化；不能直接当作活性冲突。
EX021,activity_value_or_unit,活性数值/单位/endpoint,doi__10.1007_s12602-025-10542-1,,DBAASP,DBAASPR_23863,sequence_modified_not_normalized,activity_value_or_unit;sequence_or_modification;target_or_organism,"database=DBAASP; source_id=DBAASPR_23863; record_name=Bombinin-like peptide 7S, BLP-7S; subject=Staphylococcus aureus NCTC 12493; measure=MIC; value=4; unit=µM","matched_activity=doi__10.1007_s12602-025-10542-1:xml:table_3:row_3:column_2:blp7s:MIC | conflict_context: Activity value is source-matched; sequence identity carries terminal-amidation normalization caveat from Table 1. | review_notes: Database assay value and target matched a primary-source activity/toxicity record. | sequence_check: {""conflict_flags"": [""primary_table_reports_C_terminal_NH2_but_database_sequence_field_stores_core_sequence_only""], ""source_locator"": [{""kind"": ""primary_xml_table"", ""locator"": ""xml:table=1:row=2"", ""path"": ""papers/doi__10.1007_s12602-025-105...",数据库的活性 endpoint、数值、单位或阈值与论文行级证据存在差异或需要保留 caution。 当前状态为 `sequence_modified_not_normalized`。,"source_locator={""column"": ""BLP- 7S"", ""kind"": ""paper_table"", ""label"": ""Table 3"", ""locator"": ""xml:table=3:row=3:column=2"", ""row_index"": 3, ""source_path"": ""papers/doi__10.1007_s12602-025-10542-1/source/paper.xml""} ; traceability={""locator"": ""database:linked_assay_records:row=4"", ""source_path"": ""paper_packets/doi__10.1007_s12602-025-10542-1/database/linked_assay_records.jsonl""}",papers/doi__10.1007_s12602-025-10542-1/final/database_record_verification.json,releases/amp_evidence_atlas_v1_rc1/database_record_audits.tsv,表示序列、修饰、端基、D/L 构型或变体标签未能安全标准化；不能直接当作活性冲突。
