rank,severity,paper_id,database,source_id,status,conflict_categories,conflict_summary,source_table,artifact_path
1,A,doi__10.1002_cbic.202100151,DBAASP,DBAASP:DBAASPS_18493,source_conflict,sequence_or_modification_conflict;figure_or_non_tabulated_quantification;activity_value_or_unit_conflict;organism_or_subject_conflict;citation_or_linkage_only;missing_material_or_supplement_gap,"DBAASP peptide_name uses R4L,S4L while the primary paper consistently names and tests the variant as R4L S8L; activity values match the source table, but the variant label conflict is preserved.",linked_assay_records.jsonl,papers/doi__10.1002_cbic.202100151/final/database_record_verification.json
2,A,doi__10.1007_s00018-020-03755-w,CAMP,CAMP:CAMPSQ12854,source_conflict,sequence_or_modification_conflict;activity_value_or_unit_conflict;organism_or_subject_conflict;citation_or_linkage_only,CAMP/dbAMP entry-level activity text aggregates Table 3 values rather than carrying one primary-source assay row per JSONL record; retained as a source-linked database conflict instead of promoted to row-level verified assay evidence.,linked_experiment_records.jsonl,papers/doi__10.1007_s00018-020-03755-w/final/database_record_verification.json
3,A,doi__10.1007_s00018-020-03755-w,CAMP,CAMP:CAMPSQ12855,source_conflict,sequence_or_modification_conflict;activity_value_or_unit_conflict;organism_or_subject_conflict;citation_or_linkage_only,CAMP/dbAMP entry-level activity text aggregates Table 3 values rather than carrying one primary-source assay row per JSONL record; retained as a source-linked database conflict instead of promoted to row-level verified assay evidence.,linked_experiment_records.jsonl,papers/doi__10.1007_s00018-020-03755-w/final/database_record_verification.json
4,A,doi__10.1007_s00018-020-03755-w,dbAMP,dbAMP:dbAMP_33012,source_conflict,sequence_or_modification_conflict;activity_value_or_unit_conflict;organism_or_subject_conflict;citation_or_linkage_only,CAMP/dbAMP entry-level activity text aggregates Table 3 values rather than carrying one primary-source assay row per JSONL record; retained as a source-linked database conflict instead of promoted to row-level verified assay evidence.,linked_experiment_records.jsonl,papers/doi__10.1007_s00018-020-03755-w/final/database_record_verification.json
5,A,doi__10.1007_s00018-020-03755-w,dbAMP,dbAMP:dbAMP_33013,source_conflict,sequence_or_modification_conflict;activity_value_or_unit_conflict;organism_or_subject_conflict;citation_or_linkage_only,CAMP/dbAMP entry-level activity text aggregates Table 3 values rather than carrying one primary-source assay row per JSONL record; retained as a source-linked database conflict instead of promoted to row-level verified assay evidence.,linked_experiment_records.jsonl,papers/doi__10.1007_s00018-020-03755-w/final/database_record_verification.json
6,A,doi__10.1007_s00018-022-04440-w,DBAASP,DBAASP:DBAASPS_22793,source_conflict,sequence_or_modification_conflict;activity_value_or_unit_conflict;organism_or_subject_conflict;citation_or_linkage_only;missing_material_or_supplement_gap,"source_conflict: primary source supports 10 µM CD4-PP biofilm prevention, but the database MBIC/MBIC50 endpoint label is not stated as an exact threshold term in the paper.",linked_assay_records.jsonl,papers/doi__10.1007_s00018-022-04440-w/final/database_record_verification.json
7,A,doi__10.1007_s00253-023-12947-w,APD6,APD6:AP04047,source_conflict,activity_value_or_unit_conflict;organism_or_subject_conflict;citation_or_linkage_only,"APD6 identity/citation are supported, but its free-text activity summary mixes row-level primary activity, stability-condition MIC loss, toxicity, and mechanism statements. The conflict is preserved instead of flattening the database summary into source_verified row-level evidence.",peptides.csv,papers/doi__10.1007_s00253-023-12947-w/final/database_record_verification.json
8,A,doi__10.1007_s00262-014-1540-0,DRAMP,DRAMP:DRAMP31842,source_conflict,sequence_or_modification_conflict;figure_or_non_tabulated_quantification;activity_value_or_unit_conflict;organism_or_subject_conflict;citation_or_linkage_only,"Primary source supports LTX-328 sequence/name and an IC50 >350 µM B16F1 row, but does not support the DRAMP FEMX-I target assignment for LTX-328 in this paper.",general_amps.txt,papers/doi__10.1007_s00262-014-1540-0/final/database_record_verification.json
9,A,doi__10.1007_s00726-017-2473-7,APD6,AP04794,source_conflict,activity_value_or_unit_conflict;organism_or_subject_conflict,source_conflict: APD6 free-text row mixes primary-paper activity/structure statements with database-only similarity or external-context annotations; primary Table 1/Table 2 support is preserved but broad database text is not promoted to fully source_verified.,peptides.csv,papers/doi__10.1007_s00726-017-2473-7/final/database_record_verification.json
10,A,doi__10.1007_s00726-018-2575-x,CAMP,CAMPSQ16590,source_conflict,activity_value_or_unit_conflict;organism_or_subject_conflict;citation_or_linkage_only,conflict: CAMP row is a broad qualitative activity annotation with a species-list spelling discrepancy and no quantitative table values; primary sequence and broad antibacterial scope are source-backed.,camp_r4_export/data/sequences.csv,papers/doi__10.1007_s00726-018-2575-x/final/database_record_verification.json
11,A,doi__10.1007_s00726-018-2575-x,CAMP,CAMPSQ16591,source_conflict,activity_value_or_unit_conflict;organism_or_subject_conflict;citation_or_linkage_only,conflict: CAMP row is a broad qualitative activity annotation with a species-list spelling discrepancy and no quantitative table values; primary sequence and broad antibacterial scope are source-backed.,camp_r4_export/data/sequences.csv,papers/doi__10.1007_s00726-018-2575-x/final/database_record_verification.json
12,A,doi__10.1007_s00726-018-2575-x,CAMP,CAMPSQ16592,source_conflict,activity_value_or_unit_conflict;organism_or_subject_conflict;citation_or_linkage_only,conflict: CAMP row is a broad qualitative activity annotation with a species-list spelling discrepancy and no quantitative table values; primary sequence and broad antibacterial scope are source-backed.,camp_r4_export/data/sequences.csv,papers/doi__10.1007_s00726-018-2575-x/final/database_record_verification.json
13,A,doi__10.1007_s00726-018-2575-x,CAMP,CAMPSQ16593,source_conflict,activity_value_or_unit_conflict;organism_or_subject_conflict;citation_or_linkage_only,conflict: CAMP row is a broad qualitative activity annotation with a species-list spelling discrepancy and no quantitative table values; primary sequence and broad antibacterial scope are source-backed.,camp_r4_export/data/sequences.csv,papers/doi__10.1007_s00726-018-2575-x/final/database_record_verification.json
14,A,doi__10.1007_s00726-018-2575-x,CAMP,CAMPSQ16594,source_conflict,activity_value_or_unit_conflict;organism_or_subject_conflict;citation_or_linkage_only,conflict: CAMP row is a broad qualitative activity annotation with a species-list spelling discrepancy and no quantitative table values; primary sequence and broad antibacterial scope are source-backed.,camp_r4_export/data/sequences.csv,papers/doi__10.1007_s00726-018-2575-x/final/database_record_verification.json
15,A,doi__10.1007_s10526-022-10132-y,DBAASP,DBAASPR_11558,source_conflict,sequence_or_modification_conflict;activity_value_or_unit_conflict;organism_or_subject_conflict;citation_or_linkage_only,"Database target spelling has Fusarium boothii, while the primary Table 1 row in local XML/PDF is Fusarium boothi; value and strain otherwise match, so the spelling discrepancy is preserved as source_conflict.",linked_assay_records.jsonl,papers/doi__10.1007_s10526-022-10132-y/final/database_record_verification.json
16,A,doi__10.1007_s10526-022-10132-y,DBAASP,DBAASPS_22245,source_conflict,sequence_or_modification_conflict;activity_value_or_unit_conflict;organism_or_subject_conflict;citation_or_linkage_only,"Database target spelling has Fusarium boothii, while the primary Table 1 row in local XML/PDF is Fusarium boothi; value and strain otherwise match, so the spelling discrepancy is preserved as source_conflict.",linked_assay_records.jsonl,papers/doi__10.1007_s10526-022-10132-y/final/database_record_verification.json
17,A,doi__10.1016_j.antiviral.2022.105270,DBAASP,DBAASP:DBAASPN_21372,sequence_modified_not_normalized,sequence_or_modification_conflict;activity_value_or_unit_conflict;organism_or_subject_conflict;citation_or_linkage_only,"Activity value is primary-source supported, but exact plitidepsin sequence/noncanonical modification identity is not embedded in this current primary article; preserve as sequence_modified_not_normalized instead of source_verified.",linked_assay_records.jsonl,papers/doi__10.1016_j.antiviral.2022.105270/final/database_record_verification.json
18,A,doi__10.1016_j.btre.2020.e00583,DBAASP,DBAASP:DBAASPS_17528,source_conflict,figure_or_non_tabulated_quantification;activity_value_or_unit_conflict;organism_or_subject_conflict;citation_or_linkage_only,"Database target label uses Salmonella typhimurium ATCC 19430, while the primary paper methods and tables identify the tested strain as Salmonella enterica subsp. enterica serovar Typhi / S. typhi ATCC 19430.",linked_assay_records.jsonl,papers/doi__10.1016_j.btre.2020.e00583/final/database_record_verification.json
19,A,doi__10.1016_j.btre.2020.e00583,DBAASP,DBAASP:DBAASPS_17529,source_conflict,figure_or_non_tabulated_quantification;activity_value_or_unit_conflict;organism_or_subject_conflict;citation_or_linkage_only,"Database target label uses Salmonella typhimurium ATCC 19430, while the primary paper methods and tables identify the tested strain as Salmonella enterica subsp. enterica serovar Typhi / S. typhi ATCC 19430.",linked_assay_records.jsonl,papers/doi__10.1016_j.btre.2020.e00583/final/database_record_verification.json
20,A,doi__10.1016_j.btre.2020.e00583,DBAASP,DBAASP:DBAASPS_17530,source_conflict,figure_or_non_tabulated_quantification;activity_value_or_unit_conflict;organism_or_subject_conflict;citation_or_linkage_only,"Database target label uses Salmonella typhimurium ATCC 19430, while the primary paper methods and tables identify the tested strain as Salmonella enterica subsp. enterica serovar Typhi / S. typhi ATCC 19430.",linked_assay_records.jsonl,papers/doi__10.1016_j.btre.2020.e00583/final/database_record_verification.json
21,A,doi__10.1016_j.btre.2020.e00583,DBAASP,DBAASP:DBAASPS_17531,source_conflict,sequence_or_modification_conflict;figure_or_non_tabulated_quantification;activity_value_or_unit_conflict;organism_or_subject_conflict;citation_or_linkage_only,"Database target label uses Salmonella typhimurium ATCC 19430, while the primary paper methods and tables identify the tested strain as Salmonella enterica subsp. enterica serovar Typhi / S. typhi ATCC 19430.",linked_assay_records.jsonl,papers/doi__10.1016_j.btre.2020.e00583/final/database_record_verification.json
22,A,doi__10.1016_j.csbj.2021.08.039,DBAASP,DBAASP:DBAASPR_21300,source_conflict,organism_or_subject_conflict,source_conflict: Database subject is underspecified relative to multiple MRSA strain rows in the primary tables.,linked_assay_records.jsonl,papers/doi__10.1016_j.csbj.2021.08.039/final/database_record_verification.json
23,A,doi__10.1016_j.csbj.2021.08.039,DBAASP,DBAASP:DBAASPS_21301,source_conflict,sequence_or_modification_conflict;organism_or_subject_conflict,source_conflict: Database subject is underspecified relative to multiple MRSA strain rows in the primary tables.,linked_assay_records.jsonl,papers/doi__10.1016_j.csbj.2021.08.039/final/database_record_verification.json
24,A,doi__10.1016_j.csbj.2021.08.039,DBAASP,DBAASP:DBAASPS_21302,source_conflict,sequence_or_modification_conflict;organism_or_subject_conflict,source_conflict: Database subject is underspecified relative to multiple MRSA strain rows in the primary tables.,linked_assay_records.jsonl,papers/doi__10.1016_j.csbj.2021.08.039/final/database_record_verification.json
25,A,doi__10.1016_j.csbj.2021.08.039,DBAASP,DBAASP:DBAASPS_21303,source_conflict,sequence_or_modification_conflict;organism_or_subject_conflict,source_conflict: Database subject is underspecified relative to multiple MRSA strain rows in the primary tables.,linked_assay_records.jsonl,papers/doi__10.1016_j.csbj.2021.08.039/final/database_record_verification.json
26,A,doi__10.1016_j.csbj.2021.08.039,DBAASP,DBAASP:DBAASPS_21304,source_conflict,sequence_or_modification_conflict;organism_or_subject_conflict,source_conflict: Database subject is underspecified relative to multiple MRSA strain rows in the primary tables.,linked_assay_records.jsonl,papers/doi__10.1016_j.csbj.2021.08.039/final/database_record_verification.json
27,A,doi__10.1016_j.fob.2014.01.007,DRAMP,DRAMP:DRAMP35189,source_conflict,sequence_or_modification_conflict;figure_or_non_tabulated_quantification;activity_value_or_unit_conflict;organism_or_subject_conflict;citation_or_linkage_only,"Primary Table 1 verifies b-WT1-pTj identity and modifications, but local primary material does not support the DRAMP antimicrobial label or a separate anticancer activity result for the biotinylated probe.",linked_dramp_activity_records.jsonl,papers/doi__10.1016_j.fob.2014.01.007/final/database_record_verification.json
28,A,doi__10.1021_acs.biochem.0c00565,CAMP,CAMP:CAMPSQ23095,source_conflict,activity_value_or_unit_conflict;organism_or_subject_conflict,Source conflict: CAMP aggregate row contains database activity annotations not supported by this paper-local Table 1/source text (for example cancer-cell or non-Table-1 strain annotations); paper-supported MIC subset is preserved separately in activity rows.,camp_r4_export/data/sequences.csv,papers/doi__10.1021_acs.biochem.0c00565/final/database_record_verification.json
29,A,doi__10.1021_acs.biochem.0c00565,CAMP,CAMP:CAMPSQ23101,source_conflict,activity_value_or_unit_conflict;organism_or_subject_conflict,Source conflict: CAMP aggregate row contains database activity annotations not supported by this paper-local Table 1/source text (for example cancer-cell or non-Table-1 strain annotations); paper-supported MIC subset is preserved separately in activity rows.,camp_r4_export/data/sequences.csv,papers/doi__10.1021_acs.biochem.0c00565/final/database_record_verification.json
30,A,doi__10.1021_acs.jmedchem.2c00270,DBAASP,DBAASP:DBAASPS_2330,source_conflict,sequence_or_modification_conflict;figure_or_non_tabulated_quantification;activity_value_or_unit_conflict;organism_or_subject_conflict;citation_or_linkage_only;missing_material_or_supplement_gap,Preserved source_conflict: local XML/PDF/supplement text supports antibiofilm activity but does not expose the exact database MBEC50/27% value as a recoverable primary table value.,linked_assay_records.jsonl,papers/doi__10.1021_acs.jmedchem.2c00270/final/database_record_verification.json
31,A,doi__10.1021_acs.jmedchem.2c00270,DBAASP,DBAASP:DBAASPS_2331,source_conflict,sequence_or_modification_conflict;figure_or_non_tabulated_quantification;activity_value_or_unit_conflict;organism_or_subject_conflict;citation_or_linkage_only;missing_material_or_supplement_gap,Preserved source_conflict: local XML/PDF/supplement text supports antibiofilm activity but does not expose the exact database MBEC50/27% value as a recoverable primary table value.,linked_assay_records.jsonl,papers/doi__10.1021_acs.jmedchem.2c00270/final/database_record_verification.json
32,A,doi__10.1021_acs.jmedchem.2c00270,DBAASP,DBAASP:DBAASPS_257,source_conflict,sequence_or_modification_conflict;figure_or_non_tabulated_quantification;activity_value_or_unit_conflict;organism_or_subject_conflict;citation_or_linkage_only;missing_material_or_supplement_gap,Preserved source_conflict: local XML/PDF/supplement text supports antibiofilm activity but does not expose the exact database MBEC50/27% value as a recoverable primary table value.,linked_assay_records.jsonl,papers/doi__10.1021_acs.jmedchem.2c00270/final/database_record_verification.json
33,A,doi__10.1021_acs.jmedchem.2c00270,DRAMP,DRAMP:DRAMP34306,source_conflict,sequence_or_modification_conflict;activity_value_or_unit_conflict;organism_or_subject_conflict;citation_or_linkage_only,"Preserved source_conflict: DRAMP sequence/modification/citation map to Amp1D, but the database activity label includes Anticancer and lacks a target organism, neither of which is supported by this primary paper.",linked_dramp_activity_records.jsonl,papers/doi__10.1021_acs.jmedchem.2c00270/final/database_record_verification.json
34,A,doi__10.1021_acsinfecdis.4c00130,DBAASP,DBAASPS_1023,source_conflict,sequence_or_modification_conflict;figure_or_non_tabulated_quantification;activity_value_or_unit_conflict;organism_or_subject_conflict;citation_or_linkage_only,"Linked DBAASP row uses Pseudomonas aeruginosa ATCC 27853, while the primary Table 2 row for the same value/peptide reports P. aeruginosa ATCC 25853. The value is preserved but the strain conflict is not normalized.",linked_assay_records.jsonl,papers/doi__10.1021_acsinfecdis.4c00130/final/database_record_verification.json
35,A,doi__10.1021_acsinfecdis.4c00130,DBAASP,DBAASPS_22393,source_conflict,sequence_or_modification_conflict;figure_or_non_tabulated_quantification;activity_value_or_unit_conflict;organism_or_subject_conflict;citation_or_linkage_only,"Linked DBAASP row uses Pseudomonas aeruginosa ATCC 27853, while the primary Table 2 row for the same value/peptide reports P. aeruginosa ATCC 25853. The value is preserved but the strain conflict is not normalized.",linked_assay_records.jsonl,papers/doi__10.1021_acsinfecdis.4c00130/final/database_record_verification.json
36,A,doi__10.1021_acsinfecdis.4c00130,DBAASP,DBAASPS_22394,source_conflict,sequence_or_modification_conflict;figure_or_non_tabulated_quantification;activity_value_or_unit_conflict;organism_or_subject_conflict;citation_or_linkage_only,"Linked DBAASP row uses Pseudomonas aeruginosa ATCC 27853, while the primary Table 2 row for the same value/peptide reports P. aeruginosa ATCC 25853. The value is preserved but the strain conflict is not normalized.",linked_assay_records.jsonl,papers/doi__10.1021_acsinfecdis.4c00130/final/database_record_verification.json
37,A,doi__10.1021_acsinfecdis.4c00130,DBAASP,DBAASPS_22395,source_conflict,sequence_or_modification_conflict;figure_or_non_tabulated_quantification;activity_value_or_unit_conflict;organism_or_subject_conflict;citation_or_linkage_only,"Linked DBAASP row uses Pseudomonas aeruginosa ATCC 27853, while the primary Table 2 row for the same value/peptide reports P. aeruginosa ATCC 25853. The value is preserved but the strain conflict is not normalized.",linked_assay_records.jsonl,papers/doi__10.1021_acsinfecdis.4c00130/final/database_record_verification.json
38,A,doi__10.1021_acsomega.0c00189,DBAASP,DBAASPS_15628,source_conflict,figure_or_non_tabulated_quantification;activity_value_or_unit_conflict;organism_or_subject_conflict;citation_or_linkage_only,source_conflict: database subject says Citrobacter freundii while notes point to Klebsiella pneumoniae isolates,linked_assay_records.jsonl,papers/doi__10.1021_acsomega.0c00189/final/database_record_verification.json
39,A,doi__10.1021_acsomega.2c01089,DBAASP,DBAASP:DBAASPS_19299,source_conflict,sequence_or_modification_conflict;activity_value_or_unit_conflict;organism_or_subject_conflict;citation_or_linkage_only,source_conflict: database row repeats/mislabels the not-active target organism relative to the Table 1 salt-condition matrix; the conflict is preserved instead of normalized.,linked_assay_records.jsonl,papers/doi__10.1021_acsomega.2c01089/final/database_record_verification.json
40,A,doi__10.1021_acsomega.2c01089,DBAASP,DBAASP:DBAASPS_19300,source_conflict,sequence_or_modification_conflict;activity_value_or_unit_conflict;organism_or_subject_conflict;citation_or_linkage_only,source_conflict: database row repeats/mislabels the not-active target organism relative to the Table 1 salt-condition matrix; the conflict is preserved instead of normalized.,linked_assay_records.jsonl,papers/doi__10.1021_acsomega.2c01089/final/database_record_verification.json
41,A,doi__10.1021_acsomega.4c01577,DBAASP,DBAASP:DBAASPS_22585,source_conflict,sequence_or_modification_conflict;figure_or_non_tabulated_quantification;activity_value_or_unit_conflict;organism_or_subject_conflict;citation_or_linkage_only,"Primary Figure 3/result/discussion text supports a group-level >80% biofilm inhibition claim at 48 ug/mL, but local XML/PDF text does not support every DBAASP exact per-peptide antibiofilm value; exact bar-chart values are preserved as database conflicts rather than fabricated as primary rows.",linked_assay_records.jsonl,papers/doi__10.1021_acsomega.4c01577/final/database_record_verification.json
42,A,doi__10.1021_acsomega.4c01577,DBAASP,DBAASP:DBAASPS_22586,source_conflict,sequence_or_modification_conflict;figure_or_non_tabulated_quantification;activity_value_or_unit_conflict;organism_or_subject_conflict;citation_or_linkage_only,"Primary Figure 3/result/discussion text supports a group-level >80% biofilm inhibition claim at 48 ug/mL, but local XML/PDF text does not support every DBAASP exact per-peptide antibiofilm value; exact bar-chart values are preserved as database conflicts rather than fabricated as primary rows.",linked_assay_records.jsonl,papers/doi__10.1021_acsomega.4c01577/final/database_record_verification.json
43,A,doi__10.1021_acsomega.4c01577,DBAASP,DBAASP:DBAASPS_22586,source_conflict,sequence_or_modification_conflict;figure_or_non_tabulated_quantification;activity_value_or_unit_conflict;organism_or_subject_conflict;citation_or_linkage_only,"Primary Figure 10/result text supports S-4/L-4/P-4 hemolysis within 4% at 48 ug/mL, but does not support the database exact 0% value.",linked_assay_records.jsonl,papers/doi__10.1021_acsomega.4c01577/final/database_record_verification.json
44,A,doi__10.1021_acsomega.4c01577,DBAASP,DBAASP:DBAASPS_22587,source_conflict,sequence_or_modification_conflict;figure_or_non_tabulated_quantification;activity_value_or_unit_conflict;organism_or_subject_conflict;citation_or_linkage_only,"Primary Figure 3/result/discussion text supports a group-level >80% biofilm inhibition claim at 48 ug/mL, but local XML/PDF text does not support every DBAASP exact per-peptide antibiofilm value; exact bar-chart values are preserved as database conflicts rather than fabricated as primary rows.",linked_assay_records.jsonl,papers/doi__10.1021_acsomega.4c01577/final/database_record_verification.json
45,A,doi__10.1021_acsomega.4c01577,DBAASP,DBAASP:DBAASPS_22587,source_conflict,sequence_or_modification_conflict;figure_or_non_tabulated_quantification;activity_value_or_unit_conflict;organism_or_subject_conflict;citation_or_linkage_only,"Primary Figure 10/result text supports S-4/L-4/P-4 hemolysis within 4% at 48 ug/mL, but does not support the database exact 0% value.",linked_assay_records.jsonl,papers/doi__10.1021_acsomega.4c01577/final/database_record_verification.json
46,A,doi__10.1021_acsomega.5c07214,DBAASP,DBAASP:DBAASPS_24614,source_conflict,sequence_or_modification_conflict;activity_value_or_unit_conflict;organism_or_subject_conflict;citation_or_linkage_only,"Primary Table 1 verifies the sequence and MIC value, but the broth microdilution method specifies E. coli MRE600 while the linked DBAASP row records Escherichia coli DH5alpha. The target strain conflict is preserved instead of promoting the full row to source_verified.",linked_assay_records.jsonl,papers/doi__10.1021_acsomega.5c07214/final/database_record_verification.json
47,A,doi__10.1021_acsomega.5c07214,DBAASP,DBAASP:DBAASPS_24615,source_conflict,sequence_or_modification_conflict;activity_value_or_unit_conflict;organism_or_subject_conflict;citation_or_linkage_only,"Primary Table 1 verifies the sequence and MIC value, but the broth microdilution method specifies E. coli MRE600 while the linked DBAASP row records Escherichia coli DH5alpha. The target strain conflict is preserved instead of promoting the full row to source_verified.",linked_assay_records.jsonl,papers/doi__10.1021_acsomega.5c07214/final/database_record_verification.json
48,A,doi__10.1021_acsomega.5c07214,DBAASP,DBAASP:DBAASPS_24616,source_conflict,sequence_or_modification_conflict;activity_value_or_unit_conflict;organism_or_subject_conflict;citation_or_linkage_only,"Primary Table 1 verifies the sequence and MIC value, but the broth microdilution method specifies E. coli MRE600 while the linked DBAASP row records Escherichia coli DH5alpha. The target strain conflict is preserved instead of promoting the full row to source_verified.",linked_assay_records.jsonl,papers/doi__10.1021_acsomega.5c07214/final/database_record_verification.json
49,A,doi__10.1021_acsomega.5c07214,DBAASP,DBAASP:DBAASPS_24617,source_conflict,sequence_or_modification_conflict;activity_value_or_unit_conflict;organism_or_subject_conflict;citation_or_linkage_only,"Primary Table 1 verifies the sequence and MIC value, but the broth microdilution method specifies E. coli MRE600 while the linked DBAASP row records Escherichia coli DH5alpha. The target strain conflict is preserved instead of promoting the full row to source_verified.",linked_assay_records.jsonl,papers/doi__10.1021_acsomega.5c07214/final/database_record_verification.json
50,A,doi__10.1021_acssynbio.3c00612,APD6,AP04005,source_conflict,sequence_or_modification_conflict;figure_or_non_tabulated_quantification;activity_value_or_unit_conflict;organism_or_subject_conflict;citation_or_linkage_only;missing_material_or_supplement_gap,source_conflict: APD6 comment abbreviates/misprints the nisin-comparison substitution as K2I while primary text states Lys12Ile.,linked_experiment_records.jsonl,papers/doi__10.1021_acssynbio.3c00612/final/database_record_verification.json
51,A,doi__10.1021_acssynbio.3c00612,APD6,AP04006,source_conflict,sequence_or_modification_conflict;figure_or_non_tabulated_quantification;activity_value_or_unit_conflict;organism_or_subject_conflict;citation_or_linkage_only;missing_material_or_supplement_gap,"source_conflict: APD6 comment says I15 to K, while primary text/figure define the bioengineered derivative as I12K/rombocin K.",linked_experiment_records.jsonl,papers/doi__10.1021_acssynbio.3c00612/final/database_record_verification.json
52,A,doi__10.1038_s41538-021-00109-z,DBAASP,DBAASPS_18104,source_conflict,figure_or_non_tabulated_quantification;activity_value_or_unit_conflict;organism_or_subject_conflict;citation_or_linkage_only,"Source conflict: Primary text supports qualitative/threshold Fig. 10 safety conclusions, but this database row encodes an exact percent-killing/hemolysis value not tabulated in local XML/PDF text.",linked_assay_records.jsonl,papers/doi__10.1038_s41538-021-00109-z/final/database_record_verification.json
53,A,doi__10.1038_s41538-021-00109-z,DBAASP,DBAASPS_18105,source_conflict,figure_or_non_tabulated_quantification;activity_value_or_unit_conflict;organism_or_subject_conflict;citation_or_linkage_only,"Source conflict: Primary text supports qualitative/threshold Fig. 10 safety conclusions, but this database row encodes an exact percent-killing/hemolysis value not tabulated in local XML/PDF text.",linked_assay_records.jsonl,papers/doi__10.1038_s41538-021-00109-z/final/database_record_verification.json
54,A,doi__10.1038_s41538-021-00109-z,DBAASP,DBAASPS_18106,source_conflict,activity_value_or_unit_conflict;organism_or_subject_conflict;citation_or_linkage_only,Source conflict: Linked database row was not uniquely matched to a primary-source table value after worker-4 source review.,linked_assay_records.jsonl,papers/doi__10.1038_s41538-021-00109-z/final/database_record_verification.json
55,A,doi__10.1038_s41538-021-00109-z,DBAASP,DBAASPS_18108,source_conflict,activity_value_or_unit_conflict;organism_or_subject_conflict;citation_or_linkage_only,Source conflict: Linked database row was not uniquely matched to a primary-source table value after worker-4 source review.,linked_assay_records.jsonl,papers/doi__10.1038_s41538-021-00109-z/final/database_record_verification.json
56,A,doi__10.1038_s41538-021-00109-z,DBAASP,DBAASPS_18110,source_conflict,figure_or_non_tabulated_quantification;activity_value_or_unit_conflict;organism_or_subject_conflict;citation_or_linkage_only,"Source conflict: Primary text supports qualitative/threshold Fig. 10 safety conclusions, but this database row encodes an exact percent-killing/hemolysis value not tabulated in local XML/PDF text.",linked_assay_records.jsonl,papers/doi__10.1038_s41538-021-00109-z/final/database_record_verification.json
57,A,doi__10.1038_s41598-017-10492-x,CAMP,CAMP:CAMPSQ14231,source_conflict,sequence_or_modification_conflict;activity_value_or_unit_conflict;organism_or_subject_conflict;citation_or_linkage_only,Preserved source conflict: database_target_strain_h3n3_conflicts_with_primary_h3n2,linked_experiment_records.jsonl,papers/doi__10.1038_s41598-017-10492-x/final/database_record_verification.json
58,A,doi__10.1038_s41598-017-10492-x,CAMP,CAMP:CAMPSQ14232,source_conflict,sequence_or_modification_conflict;activity_value_or_unit_conflict;organism_or_subject_conflict;citation_or_linkage_only,Preserved source conflict: database_target_strain_h3n3_conflicts_with_primary_h3n2,linked_experiment_records.jsonl,papers/doi__10.1038_s41598-017-10492-x/final/database_record_verification.json
59,A,doi__10.1038_s41598-017-10492-x,CAMP,CAMP:CAMPSQ14234,source_conflict,sequence_or_modification_conflict;activity_value_or_unit_conflict;organism_or_subject_conflict;citation_or_linkage_only,Preserved source conflict: database_target_strain_h3n3_conflicts_with_primary_h3n2; database_a_parma_h1n1_standard_error_conflicts_with_primary_table3,linked_experiment_records.jsonl,papers/doi__10.1038_s41598-017-10492-x/final/database_record_verification.json
60,A,doi__10.1038_s41598-017-10492-x,CAMP,CAMP:CAMPSQ14235,source_conflict,sequence_or_modification_conflict;activity_value_or_unit_conflict;organism_or_subject_conflict;citation_or_linkage_only,Preserved source conflict: database_target_strain_h3n3_conflicts_with_primary_h3n2,linked_experiment_records.jsonl,papers/doi__10.1038_s41598-017-10492-x/final/database_record_verification.json
61,A,doi__10.1038_s41598-017-10492-x,CAMP,CAMP:CAMPSQ14236,source_conflict,sequence_or_modification_conflict;activity_value_or_unit_conflict;organism_or_subject_conflict;citation_or_linkage_only,Preserved source conflict: database_target_strain_h3n3_conflicts_with_primary_h3n2; database_aroma_h1n1_standard_error_conflicts_with_primary_table3,linked_experiment_records.jsonl,papers/doi__10.1038_s41598-017-10492-x/final/database_record_verification.json
62,A,doi__10.1038_s41598-017-11396-6,CAMP,CAMP:CAMPSQ12477,source_conflict,other_source_conflict,Source conflict preserved: Database entry mixes primary-paper antifungal targets with viral targets that are not supported by this local primary article; verified antifungal rows remain captured separately from XML Table 2.,camp_r4_export/data/sequences.csv,papers/doi__10.1038_s41598-017-11396-6/final/database_record_verification.json
63,A,doi__10.1038_s41598-017-11832-7,DBAASP,DBAASP:DBAASPS_10753,source_conflict,sequence_or_modification_conflict;figure_or_non_tabulated_quantification;activity_value_or_unit_conflict;organism_or_subject_conflict;citation_or_linkage_only,"source_conflict: local Figure 1 supports the hemolysis trend, but the exact database percentage for this peptide is not present as machine-readable primary text; value is preserved as database-only/figure-only caution.",linked_assay_records.jsonl,papers/doi__10.1038_s41598-017-11832-7/final/database_record_verification.json
64,A,doi__10.1038_s41598-017-11832-7,DBAASP,DBAASP:DBAASPS_10754,source_conflict,sequence_or_modification_conflict;figure_or_non_tabulated_quantification;activity_value_or_unit_conflict;organism_or_subject_conflict;citation_or_linkage_only,"source_conflict: local Figure 1 supports the hemolysis trend, but the exact database percentage for this peptide is not present as machine-readable primary text; value is preserved as database-only/figure-only caution.",linked_assay_records.jsonl,papers/doi__10.1038_s41598-017-11832-7/final/database_record_verification.json
65,A,doi__10.1038_s41598-017-11832-7,DRAMP,DRAMP:DRAMP32102,source_conflict,sequence_or_modification_conflict;activity_value_or_unit_conflict;organism_or_subject_conflict;citation_or_linkage_only,"source_conflict: DRAMP links LysAB2 P3 and local text supports antimicrobial, hemolysis, and non-cytotoxic A549/HaCaT findings, but the broad anticancer category is not supported as activity in the primary paper.",linked_dramp_activity_records.jsonl,papers/doi__10.1038_s41598-017-11832-7/final/database_record_verification.json
66,A,doi__10.1038_s41598-017-11832-7,DRAMP,DRAMP:DRAMP32102,source_conflict,sequence_or_modification_conflict;activity_value_or_unit_conflict;organism_or_subject_conflict;citation_or_linkage_only,source_conflict: row retained with database traceability but not promoted to source_verified by the bounded review.,linked_experiment_records.jsonl,papers/doi__10.1038_s41598-017-11832-7/final/database_record_verification.json
67,A,doi__10.1038_s41598-017-11832-7,dbAMP,dbAMP:dbAMP_16810,source_conflict,sequence_or_modification_conflict;activity_value_or_unit_conflict;organism_or_subject_conflict;citation_or_linkage_only,"source_conflict: antibacterial MIC/MBC values match Table 2, but database category text includes mammalian/anticancer wording not supported as positive primary activity; retained as caution.",linked_experiment_records.jsonl,papers/doi__10.1038_s41598-017-11832-7/final/database_record_verification.json
68,A,doi__10.1038_s41598-018-20912-1,DBAASP,DBAASP:DBAASPR_11074,source_conflict,activity_value_or_unit_conflict;organism_or_subject_conflict;citation_or_linkage_only;missing_material_or_supplement_gap,"Activity/source citation verified from primary material; exact full-length Histone H5 database sequence identity remains source_conflict rather than source_verified. The database spells the VRE target as Enterococcus faecalis ATCC 51299, while the primary article locally states vancomycin-resistant Enterococcus ATCC 51299 without the species epithet.",linked_assay_records.jsonl,papers/doi__10.1038_s41598-018-20912-1/final/database_record_verification.json
69,A,doi__10.1038_s41598-018-27417-x,dbAMP,dbAMP:dbAMP_27346,source_conflict,sequence_or_modification_conflict;activity_value_or_unit_conflict;organism_or_subject_conflict;citation_or_linkage_only,"source_conflict: dbAMP row combines D-Ctl/L-Ctl names, multiple PMIDs, and many organism MIC annotations. The current paper supports only the C. albicans ATCC 10231 L-Ctl 7.9 µg/mL and D-Ctl 5.5 µg/mL results, so the broader database row is preserved as a conflict instead of fully source_verified.",data/dbamp3_detail_basic.csv,papers/doi__10.1038_s41598-018-27417-x/final/database_record_verification.json
70,A,doi__10.1038_s41598-018-32947-5,DBAASP,DBAASPR_13627,source_conflict,figure_or_non_tabulated_quantification;activity_value_or_unit_conflict;organism_or_subject_conflict;citation_or_linkage_only,source_conflict: Candida strain code differs between primary source (NCYC 1467) and DBAASP database row (NCPF 1467); retain database row with conflict instead of silently normalizing.,linked_assay_records.jsonl,papers/doi__10.1038_s41598-018-32947-5/final/database_record_verification.json
71,A,doi__10.1038_s41598-018-32947-5,DBAASP,DBAASPR_13627,source_conflict,figure_or_non_tabulated_quantification;activity_value_or_unit_conflict;organism_or_subject_conflict;citation_or_linkage_only,"source_conflict: primary source uses NCYC 1467, while linked DBAASP database row uses NCPF 1467.",linked_experiment_records.jsonl,papers/doi__10.1038_s41598-018-32947-5/final/database_record_verification.json
72,A,doi__10.1038_s41598-018-32947-5,DRAMP,DRAMP32132,source_conflict,figure_or_non_tabulated_quantification;activity_value_or_unit_conflict;organism_or_subject_conflict;citation_or_linkage_only,source_conflict: row mixes source-supported anticancer IC50 facts with incomplete/broad database annotation; retain as conflict rather than treating as a primary assay row.,linked_experiment_records.jsonl,papers/doi__10.1038_s41598-018-32947-5/final/database_record_verification.json
73,A,doi__10.1038_s41598-018-32981-3,DBAASP,DBAASPS_11819,source_conflict,sequence_or_modification_conflict;activity_value_or_unit_conflict;organism_or_subject_conflict;citation_or_linkage_only;missing_material_or_supplement_gap,"DBAASP records a 20-30% HepG2 killing range at 50 uM, while the primary results text supports a 20% cell-viability reduction at 50 uM. The broader database range is preserved as a caution.",linked_assay_records.jsonl,papers/doi__10.1038_s41598-018-32981-3/final/database_record_verification.json
74,A,doi__10.1038_s41598-018-34684-1,CAMP,CAMPSQ23329,source_conflict,sequence_or_modification_conflict;activity_value_or_unit_conflict;organism_or_subject_conflict;citation_or_linkage_only,CAMP row mixes current-paper sC18 HaCaT cytotoxicity with organisms and MIC50 values from other literature; current paper does not support the full target list.,linked_experiment_records.jsonl,papers/doi__10.1038_s41598-018-34684-1/final/database_record_verification.json
75,A,doi__10.1038_s41598-018-38442-1,dbAMP,dbAMP:dbAMP_18087,source_conflict,activity_value_or_unit_conflict;organism_or_subject_conflict,source_conflict: dbAMP anti-Gram label is broader than the primary source; primary source supports the M. smegmatis MIC/MBC values and no-effect findings against the four Gram-positive/negative test species.,linked_experiment_records.jsonl,papers/doi__10.1038_s41598-018-38442-1/final/database_record_verification.json
76,A,doi__10.1038_s41598-018-38442-1,dbAMP,dbAMP:dbAMP_18088,source_conflict,activity_value_or_unit_conflict;organism_or_subject_conflict,source_conflict: dbAMP anti-Gram label is broader than the primary source; primary source supports the M. smegmatis MIC/MBC values and no-effect findings against the four Gram-positive/negative test species.,linked_experiment_records.jsonl,papers/doi__10.1038_s41598-018-38442-1/final/database_record_verification.json
77,A,doi__10.1038_s41598-019-41005-7,DBAASP,DBAASP:DBAASPR_3733,source_conflict,sequence_or_modification_conflict;activity_value_or_unit_conflict;organism_or_subject_conflict,Database uses a Typhimurium ATCC label while the primary article/table labels the organism as S. typhi; activity value is source-located but taxonomy/name conflict is preserved.,linked_assay_records.jsonl,papers/doi__10.1038_s41598-019-41005-7/final/database_record_verification.json
78,A,doi__10.1038_s41598-019-41005-7,DBAASP,DBAASP:DBAASPS_17349,source_conflict,sequence_or_modification_conflict;activity_value_or_unit_conflict;organism_or_subject_conflict,Database uses a Typhimurium ATCC label while the primary article/table labels the organism as S. typhi; activity value is source-located but taxonomy/name conflict is preserved.,linked_assay_records.jsonl,papers/doi__10.1038_s41598-019-41005-7/final/database_record_verification.json
79,A,doi__10.1038_s41598-019-41005-7,DBAASP,DBAASP:DBAASPS_17350,source_conflict,sequence_or_modification_conflict;activity_value_or_unit_conflict;organism_or_subject_conflict,Database uses a Typhimurium ATCC label while the primary article/table labels the organism as S. typhi; activity value is source-located but taxonomy/name conflict is preserved.,linked_assay_records.jsonl,papers/doi__10.1038_s41598-019-41005-7/final/database_record_verification.json
80,A,doi__10.1038_s41598-019-42440-2,dbAMP,dbAMP:dbAMP_24834,source_conflict,activity_value_or_unit_conflict;organism_or_subject_conflict;citation_or_linkage_only,"source_conflict: dbAMP_24834 activity text includes multi-paper organism/value annotations; for this paper its P. aeruginosa 6294 MIC=250 µg/ml annotation conflicts with primary Table 1, where 250 µg/ml is the Mel4 MBC while the Mel4 MIC is 62.5 µg/ml.",linked_experiment_records.jsonl,papers/doi__10.1038_s41598-019-42440-2/final/database_record_verification.json
81,A,doi__10.1038_s41598-019-50061-y,DBAASP,DBAASP:DBAASPS_14134,source_conflict,activity_value_or_unit_conflict;organism_or_subject_conflict,"Database labels the yeast/fungal cidal endpoint as MFC, while the primary Table 1 column label is MBC; value is source-supported but endpoint vocabulary differs.",linked_assay_records.jsonl,papers/doi__10.1038_s41598-019-50061-y/final/database_record_verification.json
82,A,doi__10.1038_s41598-020-70314-5,APD6,APD6:AP03946,source_conflict,activity_value_or_unit_conflict;organism_or_subject_conflict;citation_or_linkage_only;missing_material_or_supplement_gap,Primary source reports porcine erythrocyte hemolysis and Botrytis cinerea antifungal assays; APD6 free-text comments use human RBC language and include a candidacidal annotation not supported by the opened primary XML/PDF/supplement sources.,peptides.csv / linked_experiment_records.jsonl,papers/doi__10.1038_s41598-020-70314-5/final/database_record_verification.json
83,A,doi__10.1038_s41598-020-70314-5,APD6,APD6:AP03947,source_conflict,activity_value_or_unit_conflict;organism_or_subject_conflict;citation_or_linkage_only;missing_material_or_supplement_gap,Primary source reports porcine erythrocyte hemolysis and Botrytis cinerea antifungal assays; APD6 free-text comments use human RBC language and include a candidacidal annotation not supported by the opened primary XML/PDF/supplement sources.,peptides.csv / linked_experiment_records.jsonl,papers/doi__10.1038_s41598-020-70314-5/final/database_record_verification.json
84,A,doi__10.1038_s41598-021-91765-4,DBAASP,DBAASPS_18236,source_conflict,sequence_or_modification_conflict;figure_or_non_tabulated_quantification;activity_value_or_unit_conflict;organism_or_subject_conflict,Database normalizes the subject as Enterococcus faecalis while the primary Table 1 row labels it Streptococcus Faecalis; the MIC value and unit match.,linked_assay_records.jsonl,papers/doi__10.1038_s41598-021-91765-4/final/database_record_verification.json
85,A,doi__10.1038_s41598-022-16303-2,DBAASP,DBAASP:DBAASPS_18513:assay:19033,source_conflict,figure_or_non_tabulated_quantification;activity_value_or_unit_conflict;organism_or_subject_conflict;citation_or_linkage_only,"Source conflict: DBAASP labels the hemolysis subject as Human erythrocytes, while the primary table caption and Methods state murine RBCs/erythrocytes; HC50 value and unit match Table 2.",linked_assay_records.jsonl,papers/doi__10.1038_s41598-022-16303-2/final/database_record_verification.json
86,A,doi__10.1038_s41598-022-16303-2,DBAASP,DBAASP:DBAASPS_18513:experiment:19033,source_conflict,activity_value_or_unit_conflict;organism_or_subject_conflict;citation_or_linkage_only,"Source conflict: DBAASP labels the hemolysis subject as Human erythrocytes, while the primary table caption and Methods state murine RBCs/erythrocytes; HC50 value and unit match Table 2.",linked_experiment_records.jsonl / assay_refs.csv,papers/doi__10.1038_s41598-022-16303-2/final/database_record_verification.json
87,A,doi__10.1038_s41598-022-16303-2,DBAASP,DBAASP:DBAASPS_20120:assay:19029,source_conflict,figure_or_non_tabulated_quantification;activity_value_or_unit_conflict;organism_or_subject_conflict;citation_or_linkage_only,"Source conflict: DBAASP labels the hemolysis subject as Human erythrocytes, while the primary table caption and Methods state murine RBCs/erythrocytes; HC50 value and unit match Table 2.",linked_assay_records.jsonl,papers/doi__10.1038_s41598-022-16303-2/final/database_record_verification.json
88,A,doi__10.1038_s41598-022-16303-2,DBAASP,DBAASP:DBAASPS_20120:experiment:19029,source_conflict,activity_value_or_unit_conflict;organism_or_subject_conflict;citation_or_linkage_only,"Source conflict: DBAASP labels the hemolysis subject as Human erythrocytes, while the primary table caption and Methods state murine RBCs/erythrocytes; HC50 value and unit match Table 2.",linked_experiment_records.jsonl / assay_refs.csv,papers/doi__10.1038_s41598-022-16303-2/final/database_record_verification.json
89,A,doi__10.1038_s41598-022-16303-2,DBAASP,DBAASP:DBAASPS_20121:assay:19031,source_conflict,figure_or_non_tabulated_quantification;activity_value_or_unit_conflict;organism_or_subject_conflict;citation_or_linkage_only,"Source conflict: DBAASP labels the hemolysis subject as Human erythrocytes, while the primary table caption and Methods state murine RBCs/erythrocytes; HC50 value and unit match Table 2.",linked_assay_records.jsonl,papers/doi__10.1038_s41598-022-16303-2/final/database_record_verification.json
90,A,doi__10.1038_s41598-023-43274-9,DBAASP,DBAASP:DBAASPS_21458,source_conflict,sequence_or_modification_conflict;figure_or_non_tabulated_quantification;activity_value_or_unit_conflict;organism_or_subject_conflict,source conflict preserved: Database value 25 µg/ml vs source value 15 ug/mL for IL15.5 S. epidermidis MBC.,linked_assay_records.jsonl,papers/doi__10.1038_s41598-023-43274-9/final/database_record_verification.json
91,A,doi__10.1038_s42003-021-01736-8,DBAASP,DBAASP:DBAASPS_19258,source_conflict,sequence_or_modification_conflict;organism_or_subject_conflict;citation_or_linkage_only,"Source conflict: DBAASP reports a Vero-E6 cytotoxicity upper bound of 5 µM, while the primary source reports MTT and Annexin-V/PI toxicity testing at 0.1, 1, and 10 µM without an exact 5 µM row.",linked_assay_records.jsonl,papers/doi__10.1038_s42003-021-01736-8/final/database_record_verification.json
92,A,doi__10.1038_s42003-021-01736-8,DBAASP,DBAASP:DBAASPS_19259,source_conflict,sequence_or_modification_conflict;organism_or_subject_conflict;citation_or_linkage_only,"Source conflict: DBAASP reports a Vero-E6 cytotoxicity upper bound of 5 µM, while the primary source reports MTT and Annexin-V/PI toxicity testing at 0.1, 1, and 10 µM without an exact 5 µM row.",linked_assay_records.jsonl,papers/doi__10.1038_s42003-021-01736-8/final/database_record_verification.json
93,A,doi__10.1038_s42003-021-01736-8,DBAASP,DBAASP:DBAASPS_19260,source_conflict,sequence_or_modification_conflict;organism_or_subject_conflict;citation_or_linkage_only,"Source conflict: DBAASP reports a Vero-E6 cytotoxicity upper bound of 5 µM, while the primary source reports MTT and Annexin-V/PI toxicity testing at 0.1, 1, and 10 µM without an exact 5 µM row.",linked_assay_records.jsonl,papers/doi__10.1038_s42003-021-01736-8/final/database_record_verification.json
94,A,doi__10.1038_srep11082,DBAASP,DBAASPR_8609,source_conflict,sequence_or_modification_conflict;figure_or_non_tabulated_quantification;activity_value_or_unit_conflict;organism_or_subject_conflict;citation_or_linkage_only;missing_material_or_supplement_gap,Linked database gives S. aureus ATCC25923 while the primary table row says ATCC27853; strain conflict is preserved.,linked_assay_records.jsonl,papers/doi__10.1038_srep11082/final/database_record_verification.json
95,A,doi__10.1038_srep13412,DBAASP,DBAASP:DBAASPR_8130:assay_id=7183,source_conflict,figure_or_non_tabulated_quantification;activity_value_or_unit_conflict;organism_or_subject_conflict;citation_or_linkage_only,conflict: rounded DBAASP 2% value differs from primary text 1.7 +/- 0.04%; final activity row retains the primary text value and keeps the DBAASP value as a nonblocking caution.,linked_assay_records.jsonl,papers/doi__10.1038_srep13412/final/database_record_verification.json
96,A,doi__10.1038_srep13412,DBAASP,DBAASP:DBAASPR_8130:experiment_row=7183,source_conflict,activity_value_or_unit_conflict;organism_or_subject_conflict;citation_or_linkage_only,conflict: database rounded 2% value differs from primary text 1.7 +/- 0.04%; final row keeps source text and traces database row separately.,linked_experiment_records.jsonl,papers/doi__10.1038_srep13412/final/database_record_verification.json
97,A,doi__10.1038_srep14569,CAMP,CAMP:CAMPSQ8859,sequence_modified_not_normalized,sequence_or_modification_conflict;figure_or_non_tabulated_quantification;activity_value_or_unit_conflict;organism_or_subject_conflict;citation_or_linkage_only,"CAMP target/activity summary aligns with Table 1, but the database sequence is residue-only while the primary source supports native N-formylation of the N-terminal methionine.",camp_r4_export/data/sequences.csv,papers/doi__10.1038_srep14569/final/database_record_verification.json
98,A,doi__10.1038_srep14569,dbAMP,dbAMP:dbAMP_06221,sequence_modified_not_normalized,sequence_or_modification_conflict;figure_or_non_tabulated_quantification;activity_value_or_unit_conflict;organism_or_subject_conflict;citation_or_linkage_only,"dbAMP target/activity summary aligns with Table 1, but the database sequence is residue-only while the primary source supports native N-formylation of the N-terminal methionine.",data/dbamp3_detail_basic.csv,papers/doi__10.1038_srep14569/final/database_record_verification.json
99,A,doi__10.1038_srep22008,DRAMP,DRAMP:DRAMP29176,source_conflict,sequence_or_modification_conflict;figure_or_non_tabulated_quantification;activity_value_or_unit_conflict;organism_or_subject_conflict;citation_or_linkage_only,"Source conflict: DRAMP29176 sequence and 2016 P9 activity/toxicity statements are partly supported by this primary paper, but the row merges external 2020/SARS-CoV-2/HRV/HPIV3 values and duplicates the same record across DRAMP exports; external-reference values are not promoted to source_verified for this paper.",Anti-SARS-CoV-2_amps.txt,papers/doi__10.1038_srep22008/final/database_record_verification.json
100,A,doi__10.1038_srep35019,APD6,APD6:AP02744,source_conflict,sequence_or_modification_conflict;activity_value_or_unit_conflict;organism_or_subject_conflict,source_conflict: APD6 row includes a primary-supported C. neoformans MIC but also database-only later DFTD/toxicity text not supported by this 2016 paper.,peptides.csv,papers/doi__10.1038_srep35019/final/database_record_verification.json
