paper_id	design_category	publication_year	xml_doi	title	release_observation_rows	safety_rows	safety_short_canonical_sequences	activity_rows	paired_activity_safety_paper_sequence_keys	censored_or_inequality_safety_rows	open_rework_ticket_count
doi__10.1002_advs.202507457	generative_or_ml_design	2025	10.1002/advs.202507457	Controllable Generation of Pathogen-Specific Antimicrobial Peptides Through Knowledge-Aware Prompt Diffusion Model	30	10	10	20	10	10	0
doi__10.1002_cbic.202100151	explicit_rational_or_de_novo_design	2021	10.1002/cbic.202100151	Molecular Basis of Selectivity and Activity for the Antimicrobial Peptide Lynronne-1 Informs Rational Design of Peptide with Improved Activity	19	4	1	15	1	1	0
doi__10.1002_pro.5088	generative_or_ml_design	2024	10.1002/pro.5088	De novo synthetic antimicrobial peptide design with a recurrent neural network	290	58	58	232	58	48	0
doi__10.1007_s00253-023-12887-5	analogue_or_optimization_candidate	2024	10.1007/s00253-023-12887-5	LL-37_Renalexin hybrid peptide exhibits antimicrobial activity at lower MICs than its counterpart single peptides	12	0	0	10	0	0	0
doi__10.1007_s00726-017-2473-7	analogue_or_optimization_candidate	2017	10.1007/s00726-017-2473-7	Retro analog concept: comparative study on physico-chemical and biological properties of selected antimicrobial peptides	132	0	0	132	0	0	0
doi__10.1007_s10526-022-10132-y	explicit_rational_or_de_novo_design	2022	10.1007/s10526-022-10132-y	The combination of Neosartorya (Aspergillus) fischeri antifungal proteins with rationally designed γ-core peptide derivatives is effective for plant and crop protection	122	0	0	87	0	0	0
doi__10.1007_s12539-016-0163-x	explicit_rational_or_de_novo_design	2016	10.1007/s12539-016-0163-x	Molecular Design, Structural Analysis and Antifungal Activity of Derivatives of Peptide CGA-N46	30	5	0	25	0	0	0
doi__10.1007_s12602-025-10542-1	analogue_or_optimization_candidate	2025	10.1007/s12602-025-10542-1	Discovery and Optimisation of Novel Bombinin-Derived Peptides from Bombina variegata against Staphylococcus aureus	295	9	8	284	8	2	0
doi__10.1016_j.antiviral.2005.10.005	explicit_rational_or_de_novo_design	2005	10.1016/j.antiviral.2005.10.005	Design and biological activities of novel inhibitory peptides for SARS-CoV spike protein and angiotensin-converting enzyme 2 interaction	8	0	0	0	0	0	0
doi__10.1016_j.biomaterials.2013.01.075	explicit_rational_or_de_novo_design	2013	10.1016/j.biomaterials.2013.01.075	Design of histidine-rich peptides with enhanced bioavailability and inhibitory activity against hepatitis C virus	9	3	0	0	0	0	0
doi__10.1016_j.csbj.2021.08.039	analogue_or_optimization_candidate	2021	10.1016/j.csbj.2021.08.039	Generation of truncated derivatives through in silico enzymatic digest of peptide GV30 target MRSA both in vitro and in vivo	340	12	0	332	0	0	0
doi__10.1016_j.csbj.2023.05.006	analogue_or_optimization_candidate	2023	10.1016/j.csbj.2023.05.006	Discovery and analysis of a novel antimicrobial peptide B1AW from the skin secretion of Amolops wuyiensis and improving the membrane-binding affinity through the construction of the lysine-introduced analogue	88	4	0	78	0	0	0
doi__10.1016_j.csbj.2024.09.006	analogue_or_optimization_candidate	2024	10.1016/j.csbj.2024.09.006	Discovery, development and optimisation of a novel frog antimicrobial peptide with combined mode of action against drug-resistant bacteria	266	14	5	229	5	4	0
doi__10.1016_j.jare.2024.02.016	generative_or_ml_design	2024	10.1016/j.jare.2024.02.016	Machine learning and genetic algorithm-guided directed evolution for the development of antimicrobial peptides	72	0	0	72	0	0	0
doi__10.1016_j.jare.2024.09.017	analogue_or_optimization_candidate	2025	10.1016/j.jare.2024.09.017	Optimizing therapeutic efficacy of antifungal peptides via strategic terminal amino acid modification	725	15	0	633	0	2	0
doi__10.1016_j.jbc.2021.100657	analogue_or_optimization_candidate	2021	10.1016/j.jbc.2021.100657	Optimized serum stability and specificity of an αvβ6 integrin-binding peptide for tumor targeting	21	0	0	0	0	0	0
doi__10.1016_j.peptides.2003.07.025	analogue_or_optimization_candidate	2003	10.1016/j.peptides.2003.07.025	In vitro and in vivo antimicrobial activity of two α-helical cathelicidin peptides and of their synthetic analogs	64	3	0	36	0	0	0
doi__10.1021_acs.jafc.1c08139	analogue_or_optimization_candidate	2022	10.1021/acs.jafc.1c08139	Bacterial Lipodepsipeptides and Some of Their Derivatives and Cyclic Dipeptides as Potential Agents for Biocontrol of Pathogenic Bacteria and Fungi of Agrarian Plants	76	0	0	76	0	0	0
doi__10.1021_acs.jmedchem.3c00460	analogue_or_optimization_candidate	2023	10.1021/acs.jmedchem.3c00460	To Fold or Not to Fold: Diastereomeric Optimization of an α-Helical Antimicrobial Peptide	436	45	5	380	5	17	0
doi__10.1021_acs.jmedchem.4c00912	explicit_rational_or_de_novo_design	2024	10.1021/acs.jmedchem.4c00912	Computational Design of Pore-Forming Peptides with Potent Antimicrobial and Anticancer Activities	113	0	0	53	0	0	0
doi__10.1021_acs.jmedchem.8b00890	explicit_rational_or_de_novo_design	2018	10.1021/acs.jmedchem.8b00890	De Novo Design of α-Helical Lipopeptides Targeting Viral Fusion Proteins: A Promising Strategy for Relatively Broad-Spectrum Antiviral Drug Discovery	51	4	0	0	0	4	0
doi__10.1021_acsinfecdis.4c00130	analogue_or_optimization_candidate	2024	10.1021/acsinfecdis.4c00130	Strategic Single-Residue Substitution in the Antimicrobial Peptide Esc(1-21) Confers Activity against Staphylococcus aureus, Including Drug-Resistant and Biofilm Phenotype	42	1	0	38	0	0	0
doi__10.1021_acsomega.0c00442	generative_or_ml_design	2020	10.1021/acsomega.0c00442	Variational Autoencoder for Generation of Antimicrobial Peptides	42	0	0	0	0	0	0
doi__10.1021_acsomega.0c02088	generative_or_ml_design	2020	10.1021/acsomega.0c02088	Generating Ampicillin-Level Antimicrobial Peptides with Activity-Aware Generative Adversarial Networks	11	0	0	11	0	0	0
doi__10.1021_acsomega.3c07455	explicit_rational_or_de_novo_design	2024	10.1021/acsomega.3c07455	Anti-Staphy Peptides Rationally Designed from Cry10Aa Bacterial Protein	84	7	0	77	0	0	0
doi__10.1021_acsomega.4c01577	analogue_or_optimization_candidate	2024	10.1021/acsomega.4c01577	Rapid Membrane-Penetrating Hybrid Peptides Achieve Efficient Dual Antimicrobial and Antibiofilm Activity through a Triple Bactericidal Mechanism	121	5	4	108	4	3	0
doi__10.1021_acsomega.5c07214	analogue_or_optimization_candidate	2025	10.1021/acsomega.5c07214	Truncated and Disubstituted (P4K and L7R) Oncocin Peptides Target the Ribosome with Improved Antibacterial Activity	19	0	0	7	0	0	0
doi__10.1021_acsomega.9b02201	explicit_rational_or_de_novo_design	2019	10.1021/acsomega.9b02201	Design of a Helical-Stabilized, Cyclic, and Nontoxic Analogue of the Peptide Cm-p5 with Improved Antifungal Activity	106	3	0	103	0	0	0
doi__10.1038_s41467-023-36994-z	generative_or_ml_design	2023	10.1038/s41467-023-36994-z	Discovering highly potent antimicrobial peptides with deep generative model HydrAMP	363	31	0	332	0	22	0
doi__10.1038_s41467-023-42434-9	generative_or_ml_design	2023	10.1038/s41467-023-42434-9	Cell-free biosynthesis combined with deep learning accelerates de novo-development of antimicrobial peptides	88	44	22	44	22	19	0
doi__10.1038_s41467-025-64378-y	generative_or_ml_design	2025	10.1038/s41467-025-64378-y	DLFea4AMPGen de novo design of antimicrobial peptides by integrating features learned from deep learning models	24	2	2	4	2	0	0
doi__10.1038_s41538-021-00109-z	explicit_rational_or_de_novo_design	2021	10.1038/s41538-021-00109-z	Rational design of hyperstable antibacterial peptides for food preservation	88	0	0	88	0	0	0
doi__10.1038_s41598-018-19434-7	analogue_or_optimization_candidate	2018	10.1038/s41598-018-19434-7	Mechanisms driving the antibacterial and antibiofilm properties of Hp1404 and its analogue peptides against multidrug-resistant Pseudomonas aeruginosa	281	11	0	270	0	0	0
doi__10.1038_s41598-018-29566-5	explicit_rational_or_de_novo_design	2018	10.1038/s41598-018-29566-5	Novel 3D Structure Based Model for Activity Prediction and Design of Antimicrobial Peptides	48	0	0	48	0	0	0
doi__10.1038_s41598-018-32981-3	explicit_rational_or_de_novo_design	2018	10.1038/s41598-018-32981-3	An engineered arginine-rich α-helical antimicrobial peptide exhibits broad-spectrum bactericidal activity against pathogenic bacteria and reduces bacterial infections in mice	26	5	4	1	1	0	0
doi__10.1038_s41598-018-34684-1	explicit_rational_or_de_novo_design	2018	10.1038/s41598-018-34684-1	Design of a novel cell-permeable chimeric peptide to promote wound healing	15	3	3	10	3	0	0
doi__10.1038_s41598-019-39042-3	analogue_or_optimization_candidate	2019	10.1038/s41598-019-39042-3	Characterization, mechanism of action and optimization of activity of a novel peptide-peptoid hybrid against bacterial pathogens involved in canine skin infections	182	29	0	123	0	10	0
doi__10.1038_s41598-019-42440-2	analogue_or_optimization_candidate	2019	10.1038/s41598-019-42440-2	Comparative mode of action of the antimicrobial peptide melimine and its derivative Mel4 against Pseudomonas aeruginosa	20	0	0	16	0	0	0
doi__10.1038_s41598-019-47568-9	explicit_rational_or_de_novo_design	2019	10.1038/s41598-019-47568-9	In silico design and optimization of selective membranolytic anticancer peptides	175	31	31	117	31	21	0
doi__10.1038_s41598-020-65688-5	explicit_rational_or_de_novo_design	2020	10.1038/s41598-020-65688-5	A novel, rationally designed, hybrid antimicrobial peptide, inspired by cathelicidin and aurein, exhibits membrane-active mechanisms against Pseudomonas aeruginosa	244	15	0	227	0	4	0
doi__10.1038_s41598-021-89485-w	analogue_or_optimization_candidate	2021	10.1038/s41598-021-89485-w	Structure and antimicrobial activity of NCR169, a nodule-specific cysteine-rich peptide of Medicago truncatula	24	0	0	0	0	0	0
doi__10.1038_s41598-022-08247-4	analogue_or_optimization_candidate	2022	10.1038/s41598-022-08247-4	A novel hybrid peptide composed of LfcinB6 and KR-12-a4 with enhanced antimicrobial, anti-inflammatory and anti-biofilm activities	106	4	0	94	0	3	0
doi__10.1038_s41598-022-16303-2	explicit_rational_or_de_novo_design	2022	10.1038/s41598-022-16303-2	Design, characterization and structure-function analysis of novel antimicrobial peptides based on the N-terminal CATH-2 fragment	18	4	0	12	0	0	0
doi__10.1038_s41598-024-52721-0	explicit_rational_or_de_novo_design	2024	10.1038/s41598-024-52721-0	Design of a novel analogue peptide with potent antibiofilm activities against Staphylococcus aureus based upon a sapecin B-derived peptide	114	5	0	72	0	0	0
doi__10.1038_s41598-024-67777-1	explicit_rational_or_de_novo_design	2024	10.1038/s41598-024-67777-1	Discovery and engineering of a novel peptide, Temporin-WY2, with enhanced in vitro and in vivo efficacy against multi-drug resistant bacteria	391	4	0	363	0	0	0
doi__10.1038_s41598-025-18026-6	explicit_rational_or_de_novo_design	2025	10.1038/s41598-025-18026-6	Study on the design, synthesis and activity of MDM2/MDMX anti-tumor stapled peptide PROTAC	8	0	0	8	0	0	0
doi__10.1038_s42003-023-05560-0	explicit_rational_or_de_novo_design	2023	10.1038/s42003-023-05560-0	Design and evaluation of tadpole-like conformational antimicrobial peptides	24	0	0	24	0	0	0
doi__10.1038_srep09761	explicit_rational_or_de_novo_design	2015	10.1038/srep09761	In vitro properties of designed antimicrobial peptides that exhibit potent antipneumococcal activity and produces synergism in combination with penicillin	195	12	0	123	0	10	0
doi__10.1038_srep20823	analogue_or_optimization_candidate	2016	10.1038/srep20823	PFR peptide, one of the antimicrobial peptides identified from the derivatives of lactoferrin, induces necrosis in leukemia cells	19	2	0	15	0	0	0
doi__10.1038_srep24000	analogue_or_optimization_candidate	2016	10.1038/srep24000	The rational search for selective anticancer derivatives of the peptide Trichogin GA IV: a multi-technique biophysical approach	42	0	0	28	0	0	0
doi__10.1038_srep27394	explicit_rational_or_de_novo_design	2016	10.1038/srep27394	Design of an α-helical antimicrobial peptide with improved cell-selective and potent anti-biofilm activity	109	26	0	80	0	0	0
doi__10.1039_c7sc01599b	explicit_rational_or_de_novo_design	2017	10.1039/c7sc01599b	Design, crystal structure and atomic force microscopy study of thioether ligated d,l-cyclic antimicrobial peptides against multidrug resistant Pseudomonas aeruginosa † †Electronic supplementary information (ESI) available: Compounds analytical data, crystallographic table and data, details of AFM, and list of structures as SMILES. See DOI: 10.1039/c7sc01599b Click here for additional data file.	112	23	0	89	0	3	0
doi__10.1039_c8cc05790g	explicit_rational_or_de_novo_design	2018	10.1039/c8cc05790g	Rational design of new cyclic analogues of the antimicrobial lipopeptide tridecaptin A1†	28	0	0	28	0	0	0
doi__10.1039_c8ra08065h	explicit_rational_or_de_novo_design	2018	10.1039/c8ra08065h	Design and characterization of chionodracine-derived antimicrobial peptides with enhanced activity against drug-resistant human pathogens	140	0	0	56	0	0	0
doi__10.1039_d1sc01713f	generative_or_ml_design	2021	10.1039/d1sc01713f	Machine learning designs non-hemolytic antimicrobial peptides†	166	28	0	138	0	19	0
doi__10.1039_d3ra02473c	explicit_rational_or_de_novo_design	2023	10.1039/d3ra02473c	Design, synthesis, and characterization of non-hemolytic antimicrobial peptides related to human cathelicidin LL-37†	26	2	0	12	0	0	0
doi__10.1039_d3ra04100j	explicit_rational_or_de_novo_design	2023	10.1039/d3ra04100j	A novel series of dipeptide derivatives containing indole-3-carboxylic acid conjugates as potential antimicrobial agents: the design, solid phase peptide synthesis, in vitro biological evaluation, and molecular docking study†	66	0	0	66	0	0	0
doi__10.1080_19490976.2025.2523811	generative_or_ml_design	2025	10.1080/19490976.2025.2523811	BroadAMP-GPT: AI-Driven generation of broad-spectrum antimicrobial peptides for combating multidrug-resistant ESKAPE pathogens	107	6	2	101	2	0	0
doi__10.1080_22221751.2021.1937329	explicit_rational_or_de_novo_design	2021	10.1080/22221751.2021.1937329	Structure-based design and characterization of novel fusion-inhibitory lipopeptides against SARS-CoV-2 and emerging variants	94	6	0	0	0	0	0
doi__10.1093_bib_bbag115	generative_or_ml_design	2026	10.1093/bib/bbag115	Biochemical-knowledge-driven machine learning pipeline for generating potent antimicrobial peptides	55	1	0	12	0	1	0
doi__10.1097_md.0000000000012832	analogue_or_optimization_candidate	2018	10.1097/MD.0000000000012832	A bovine myeloid antimicrobial peptide (BMAP-28) and its analogs kill pan-drug-resistant Acinetobacter baumannii by interacting with outer membrane protein A (OmpA)	61	0	0	60	0	0	0
doi__10.1098_rsos.201822	analogue_or_optimization_candidate	2021	10.1098/rsos.201822	Synthesis of cyclotetrapeptide analogues of c-PLAI and evaluation of their antimicrobial properties	72	0	0	72	0	0	0
doi__10.1111_cbdd.70193	explicit_rational_or_de_novo_design	2025	10.1111/cbdd.70193	Design of Hybrid Bioactive Peptides Derived From Cecropin and Cathepsin for Therapeutic Application	9	0	0	9	0	0	0
doi__10.1126_sciadv.aax1946	explicit_rational_or_de_novo_design	2019	10.1126/sciadv.aax1946	Ω76: A designed antimicrobial peptide to combat carbapenem- and tigecycline-resistant Acinetobacter baumannii	46	0	0	46	0	0	0
doi__10.1126_sciadv.adp7171	generative_or_ml_design	2025	10.1126/sciadv.adp7171	Artificial intelligence using a latent diffusion model enables the generation of diverse and potent antimicrobial peptides	428	0	0	408	0	0	0
doi__10.1126_science.abd9909	explicit_rational_or_de_novo_design	2020	10.1126/science.abd9909	De novo design of picomolar SARS-CoV-2 miniprotein inhibitors	4	0	0	0	0	0	0
doi__10.1128_aac.02241-16	analogue_or_optimization_candidate	2017	10.1128/AAC.02241-16	A Short Double-Stapled Peptide Inhibits Respiratory Syncytial Virus Entry and Spreading	32	2	0	0	0	0	0
doi__10.1128_aac.02690-18	explicit_rational_or_de_novo_design	2019	10.1128/AAC.02690-18	Designed Antimicrobial Peptides for Recurrent Vulvovaginal Candidiasis Treatment	80	0	0	60	0	0	0
doi__10.1128_msystems.01358-23	analogue_or_optimization_candidate	2024	10.1128/msystems.01358-23	PyAMPA: a high-throughput prediction and optimization tool for antimicrobial peptides	45	5	0	40	0	0	0
doi__10.1128_spectrum.01827-23	analogue_or_optimization_candidate	2024	10.1128/spectrum.01827-23	Novel antimicrobial peptides identified in legume plant, Medicago truncatula	60	8	0	44	0	0	0
doi__10.1128_spectrum.03853-22	explicit_rational_or_de_novo_design	2023	10.1128/spectrum.03853-22	Rational Design of Stapled Antimicrobial Peptides to Enhance Stability and In Vivo Potency against Polymicrobial Sepsis	444	6	0	430	0	5	0
doi__10.1155_2012_764834	explicit_rational_or_de_novo_design	2012	10.1155/2012/764834	The Design and Construction of K11: A Novel α-Helical Antimicrobial Peptide	63	16	0	47	0	12	0
doi__10.1155_2015_578764	explicit_rational_or_de_novo_design	2015	10.1155/2015/578764	Design and Synthesis of a Novel Cationic Peptide with Potent and Broad-Spectrum Antimicrobial Activity	43	1	0	42	0	1	0
doi__10.1155_2020_2131535	explicit_rational_or_de_novo_design	2020	10.1155/2020/2131535	Antibacterial Activity of Rationally Designed Antimicrobial Peptides	24	2	2	22	2	0	0
doi__10.1186_1475-2867-5-21	analogue_or_optimization_candidate	2005	10.1186/1475-2867-5-21	Functional and structural characteristics of anticancer peptide Pep27 analogues	79	49	0	30	0	0	0
doi__10.1186_1476-0711-10-11	analogue_or_optimization_candidate	2011	10.1186/1476-0711-10-11	Generation of novel cationic antimicrobial peptides from natural non-antimicrobial sequences by acid-amide substitution	71	7	0	64	0	0	0
doi__10.1186_s12915-022-01304-4	analogue_or_optimization_candidate	2022	10.1186/s12915-022-01304-4	Optimization of the antimicrobial peptide Bac7 by deep mutational scanning	20	4	0	12	0	0	0
doi__10.1186_s13568-016-0295-8	analogue_or_optimization_candidate	2016	10.1186/s13568-016-0295-8	Antimicrobial activity and stability of the d-amino acid substituted derivatives of antimicrobial peptide polybia-MPI	81	3	0	78	0	0	0
doi__10.1186_s13568-019-0739-z	explicit_rational_or_de_novo_design	2019	10.1186/s13568-019-0739-z	Design and activity study of a melittin-thanatin hybrid peptide	10	1	0	8	0	1	0
doi__10.1186_s13568-019-0843-0	analogue_or_optimization_candidate	2019	10.1186/s13568-019-0843-0	Mechanism of action of antimicrobial peptide P5 truncations against Pseudomonas aeruginosa and Staphylococcus aureus	180	5	0	174	0	0	0
doi__10.1186_s40409-016-0070-y	analogue_or_optimization_candidate	2016	10.1186/s40409-016-0070-y	Synthesis and antimicrobial evaluation of two peptide LyeTx I derivatives modified with the chelating agent HYNIC for radiolabeling with technetium-99m	6	0	0	6	0	0	0
doi__10.1371_journal.pcbi.1004074	generative_or_ml_design	2015	10.1371/journal.pcbi.1004074	Machine Learning Assisted Design of Highly Active Peptides for Drug Discovery	14	0	0	14	0	0	0
doi__10.1371_journal.pntd.0000721	explicit_rational_or_de_novo_design	2010	10.1371/journal.pntd.0000721	Structural Optimization and De Novo Design of Dengue Virus Entry Inhibitory Peptides	8	2	0	0	0	0	0
doi__10.1371_journal.pone.0012684	analogue_or_optimization_candidate	2010	10.1371/journal.pone.0012684	Serum Stabilities of Short Tryptophan- and Arginine-Rich Antimicrobial Peptide Analogs	71	16	3	0	0	0	0
doi__10.1371_journal.pone.0017898	analogue_or_optimization_candidate	2011	10.1371/journal.pone.0017898	mRNA Display Selection of an Optimized MDM2-Binding Peptide That Potently Inhibits MDM2-p53 Interaction	15	0	0	0	0	0	0
doi__10.1371_journal.pone.0033639	analogue_or_optimization_candidate	2012	10.1371/journal.pone.0033639	Evaluation of an Antimicrobial L-Amino Acid Oxidase and Peptide Derivatives from Bothropoides mattogrosensis Pitviper Venom	90	18	0	72	0	0	0
doi__10.1371_journal.pone.0034947	analogue_or_optimization_candidate	2012	10.1371/journal.pone.0034947	Anti-HIV-1 Activity of a New Scorpion Venom Peptide Derivative Kn2-7	10	0	0	0	0	0	0
doi__10.1371_journal.pone.0040135	analogue_or_optimization_candidate	2012	10.1371/journal.pone.0040135	Antibacterial Activity and Mechanism of a Scorpion Venom Peptide Derivative In Vitro and In Vivo	57	2	0	55	0	0	0
doi__10.1371_journal.pone.0047047	analogue_or_optimization_candidate	2012	10.1371/journal.pone.0047047	Structural and Functional Characterization of a Multifunctional Alanine-Rich Peptide Analogue from Pleuronectes americanus	13	2	0	5	0	0	0
doi__10.1371_journal.pone.0061614	analogue_or_optimization_candidate	2013	10.1371/journal.pone.0061614	Novel α-MSH Peptide Analogues with Broad Spectrum Antimicrobial Activity	294	42	0	210	0	0	0
doi__10.1371_journal.pone.0071687	explicit_rational_or_de_novo_design	2013	10.1371/journal.pone.0071687	De-Novo Design of Antimicrobial Peptides for Plant Protection	600	70	0	530	0	25	0
doi__10.1371_journal.pone.0080025	explicit_rational_or_de_novo_design	2013	10.1371/journal.pone.0080025	De Novo Design and Synthesis of Ultra-Short Peptidomimetic Antibiotics Having Dual Antimicrobial and Anti-Inflammatory Activities	73	10	0	63	0	5	0
doi__10.1371_journal.pone.0085515	analogue_or_optimization_candidate	2013	10.1371/journal.pone.0085515	Derivatives of the Antimicrobial Peptide BP100 for Expression in Plant Systems	258	129	0	129	0	0	0
doi__10.1371_journal.pone.0150196	analogue_or_optimization_candidate	2016	10.1371/journal.pone.0150196	Antifungal Activity and Action Mechanism of Histatin 5-Halocidin Hybrid Peptides against Candida ssp	133	17	0	116	0	5	0
doi__10.1371_journal.pone.0162007	analogue_or_optimization_candidate	2016	10.1371/journal.pone.0162007	Specific Anti-Leukemic Activity of the Peptide Warnericin RK and Analogues and Visualization of Their Effect on Cancer Cells by Chemical Raman Imaging	17	3	3	0	0	0	0
doi__10.1371_journal.pone.0212447	explicit_rational_or_de_novo_design	2019	10.1371/journal.pone.0212447	Design, antimicrobial activity and mechanism of action of Arg-rich ultra-short cationic lipopeptides	198	8	0	190	0	1	0
doi__10.1371_journal.pone.0218479	analogue_or_optimization_candidate	2019	10.1371/journal.pone.0218479	A scorpion venom peptide derivative BmKn‒22 with potent antibiofilm activity against Pseudomonas aeruginosa	50	14	7	0	0	0	0
doi__10.2144_fsoa-2022-0013	analogue_or_optimization_candidate	2022	10.2144/fsoa-2022-0013	Optimized peptide extraction method for analysis of antimicrobial peptide Kn2-7/dKn2-7 stability in human serum by LC-MS	10	0	0	0	0	0	0
doi__10.2147_idr.s195872	analogue_or_optimization_candidate	2019	10.2147/IDR.S195872	Substitution of lysine for isoleucine at the center of the nonpolar face of the antimicrobial peptide, piscidin-1, leads to an increase in the rapidity of bactericidal activity and a reduction in toxicity	141	0	0	30	0	0	0
doi__10.2147_idr.s199473	explicit_rational_or_de_novo_design	2019	10.2147/IDR.S199473	Design and characterization of a new hybrid peptide from LL-37 and BMAP-27	59	2	0	40	0	2	0
doi__10.3389_fchem.2017.00001	analogue_or_optimization_candidate	2017	10.3389/fchem.2017.00001	The Effect of Selective D- or Nα-Methyl Arginine Substitution on the Activity of the Proline-Rich Antimicrobial Peptide, Chex1-Arg20	24	16	0	8	0	16	0
doi__10.3389_fchem.2017.00024	analogue_or_optimization_candidate	2017	10.3389/fchem.2017.00024	Analogs of the Frog-skin Antimicrobial Peptide Temporin 1Tb Exhibit a Wider Spectrum of Activity and a Stronger Antibiofilm Potential as Compared to the Parental Peptide	47	4	0	23	0	2	0
doi__10.3389_fchem.2018.00359	analogue_or_optimization_candidate	2018	10.3389/fchem.2018.00359	Advantage of a Narrow Spectrum Host Defense (Antimicrobial) Peptide Over a Broad Spectrum Analog in Preclinical Drug Development	12	0	0	12	0	0	0
doi__10.3389_fchem.2020.616147	explicit_rational_or_de_novo_design	2020	10.3389/fchem.2020.616147	Design, Synthesis, and Antitumor Activities Study of Stapled A4K14-Citropin 1.1 Peptides	32	0	0	32	0	0	0
doi__10.3389_fchem.2022.840131	explicit_rational_or_de_novo_design	2022	10.3389/fchem.2022.840131	Design, Synthesis, and Antitumor Activity Study of All-Hydrocarbon-Stapled B1-Leu Peptides	36	9	0	9	0	9	0
doi__10.3389_fchem.2025.1579097	explicit_rational_or_de_novo_design	2025	10.3389/fchem.2025.1579097	Engineering of antimicrobial peptide Brevinin-1pl: arginine, lysine, and histidine substitutions enhance antimicrobial-anticancer efficacy with reduced cytotoxicity	90	0	0	80	0	0	0
doi__10.3389_fcimb.2019.00419	analogue_or_optimization_candidate	2019	10.3389/fcimb.2019.00419	Antifungal Activity, Toxicity, and Membranolytic Action of a Mastoparan Analog Peptide	18	0	0	6	0	0	0
doi__10.3389_fcimb.2022.928220	analogue_or_optimization_candidate	2022	10.3389/fcimb.2022.928220	A truncated peptide Spgillcin177-189 derived from mud crab Scylla paramamosain exerting multiple antibacterial activities	41	2	0	36	0	0	0
doi__10.3389_fimmu.2022.851642	analogue_or_optimization_candidate	2022	10.3389/fimmu.2022.851642	Bomidin: An Optimized Antimicrobial Peptide With Broad Antiviral Activity Against Enveloped Viruses	26	2	0	19	0	0	0
doi__10.3389_fmicb.2017.00544	analogue_or_optimization_candidate	2017	10.3389/fmicb.2017.00544	The Naturally Occurring Host Defense Peptide, LL-37, and Its Truncated Mimetics KE-18 and KR-12 Have Selected Biocidal and Antibiofilm Activities Against Candida albicans, Staphylococcus aureus, and Escherichia coli In vitro	12	3	0	9	0	0	0
doi__10.3389_fmicb.2018.00329	explicit_rational_or_de_novo_design	2018	10.3389/fmicb.2018.00329	Design, Synthesis and Evaluation of Branched RRWQWR-Based Peptides as Antibacterial Agents Against Clinically Relevant Gram-Positive and Gram-Negative Pathogens	210	0	0	200	0	0	0
doi__10.3389_fmicb.2020.00270	analogue_or_optimization_candidate	2020	10.3389/fmicb.2020.00270	Potent Chimeric Antimicrobial Derivatives of the Medicago truncatula NCR247 Symbiotic Peptide	186	0	0	186	0	0	0
doi__10.3389_fmicb.2020.563030	analogue_or_optimization_candidate	2020	10.3389/fmicb.2020.563030	D- and Unnatural Amino Acid Substituted Antimicrobial Peptides With Improved Proteolytic Resistance and Their Proteolytic Degradation Characteristics	176	48	5	112	5	0	0
doi__10.3389_fmicb.2021.708904	analogue_or_optimization_candidate	2021	10.3389/fmicb.2021.708904	Novel Cyclic Lipopeptides Fusaricidin Analogs for Treating Wound Infections	6	0	0	6	0	0	0
doi__10.3389_fmicb.2021.715246	explicit_rational_or_de_novo_design	2021	10.3389/fmicb.2021.715246	Ab initio Designed Antimicrobial Peptides Against Gram-Negative Bacteria	70	10	0	44	0	0	0
doi__10.3389_fmicb.2021.773076	analogue_or_optimization_candidate	2021	10.3389/fmicb.2021.773076	Improving the Activity of Antimicrobial Peptides Against Aquatic Pathogen Bacteria by Amino Acid Substitutions and Changing the Ratio of Hydrophobic Residues	63	4	0	39	0	0	0
doi__10.3389_fmicb.2022.1029366	explicit_rational_or_de_novo_design	2022	10.3389/fmicb.2022.1029366	A designed antimicrobial peptide with potential ability against methicillin resistant Staphylococcus aureus	17	3	0	13	0	1	0
doi__10.3389_fmicb.2022.864374	analogue_or_optimization_candidate	2022	10.3389/fmicb.2022.864374	Optimization of Antibacterial Activity in Tibetan Swine α-Helix Peptide TP by Site-Directed Mutagenesis	292	21	21	271	21	16	0
doi__10.3389_fphar.2021.769739	explicit_rational_or_de_novo_design	2021	10.3389/fphar.2021.769739	Rational Designed Hybrid Peptides Show up to a 6-Fold Increase in Antimicrobial Activity and Demonstrate Different Ultrastructural Changes as the Parental Peptides Measured by BioSAXS	52	12	0	40	0	8	0
doi__10.3389_fphar.2024.1487338	analogue_or_optimization_candidate	2024	10.3389/fphar.2024.1487338	Thanatin and vinyl sulfide analogues as narrow spectrum antimicrobial peptides that synergise with polymyxin B	43	0	0	43	0	0	0
doi__10.3389_fpls.2021.753217	explicit_rational_or_de_novo_design	2021	10.3389/fpls.2021.753217	De Novo Design of Antimicrobial Peptides With a Special Charge Pattern and Their Application in Combating Plant Pathogens	167	0	0	142	0	0	0
doi__10.3390_antibiotics10060712	explicit_rational_or_de_novo_design	2021	10.3390/antibiotics10060712	The Design of Alapropoginine, a Novel Conjugated Ultrashort Antimicrobial Peptide with Potent Synergistic Antimicrobial Activity in Combination with Conventional Antibiotics	111	7	0	104	0	0	0
doi__10.3390_antibiotics10080956	explicit_rational_or_de_novo_design	2021	10.3390/antibiotics10080956	Design, Synthesis and Antifungal Activity of Stapled Aurein1.2 Peptides	110	0	0	110	0	0	0
doi__10.3390_antibiotics10101208	analogue_or_optimization_candidate	2021	10.3390/antibiotics10101208	Antimicrobial Activity and Toxicity of Analogs of Wasp Venom EMP Peptides. Potential Influence of Oxidized Methionine	61	2	0	59	0	0	0
doi__10.3390_antibiotics10121529	explicit_rational_or_de_novo_design	2021	10.3390/antibiotics10121529	Exploration of the Structure-Function Relationships of a Novel Frog Skin Secretion-Derived Bioactive Peptide, t-DPH1, through Use of Rational Design, Cationicity Enhancement and In Vitro Studies	165	5	0	150	0	0	0
doi__10.3390_antibiotics11030411	generative_or_ml_design	2022	10.3390/antibiotics11030411	Novel Antimicrobial Peptides Designed Using a Recurrent Neural Network Reduce Mortality in Experimental Sepsis	108	4	4	100	2	0	0
doi__10.3390_antibiotics11081048	analogue_or_optimization_candidate	2022	10.3390/antibiotics11081048	Targeted Modification and Structure-Activity Study of GL-29, an Analogue of the Antimicrobial Peptide Palustrin-2ISb	185	14	0	162	0	0	0
doi__10.3390_antibiotics11081080	analogue_or_optimization_candidate	2022	10.3390/antibiotics11081080	C-Locked Analogs of the Antimicrobial Peptide BP214	58	0	0	58	0	0	0
doi__10.3390_antibiotics11081085	explicit_rational_or_de_novo_design	2022	10.3390/antibiotics11081085	Design and Evaluation of Short Bovine Lactoferrin-Derived Antimicrobial Peptides against Multidrug-Resistant Enterococcus faecium	142	1	0	123	0	1	0
doi__10.3390_antibiotics11111619	explicit_rational_or_de_novo_design	2022	10.3390/antibiotics11111619	Design of Antimicrobial Peptides with Cell-Selective Activity and Membrane-Acting Mechanism against Drug-Resistant Bacteria	110	0	0	110	0	0	0
doi__10.3390_antibiotics12010019	analogue_or_optimization_candidate	2022	10.3390/antibiotics12010019	Structure-Activity Relationship Studies of Substitutions of Cationic Amino Acid Residues on Antimicrobial Peptides	30	6	0	24	0	2	0
doi__10.3390_antibiotics12030551	explicit_rational_or_de_novo_design	2023	10.3390/antibiotics12030551	Comparative Evaluation of Existing and Rationally Designed Novel Antimicrobial Peptides for Treatment of Skin and Soft Tissue Infections	160	10	0	66	0	1	0
doi__10.3390_antibiotics13010005	explicit_rational_or_de_novo_design	2023	10.3390/antibiotics13010005	Progressive Design of a Ranatuerin-2 Peptide from Amolops wuyiensis: Enhancement of Bioactivity and In Vivo Efficacy	197	7	0	186	0	0	0
doi__10.3390_antibiotics13010074	analogue_or_optimization_candidate	2024	10.3390/antibiotics13010074	Structures, Interactions and Activity of the N-Terminal Truncated Variants of Antimicrobial Peptide Thanatin	36	0	0	36	0	0	0
doi__10.3390_antibiotics13070615	analogue_or_optimization_candidate	2024	10.3390/antibiotics13070615	The Antimicrobial Peptide Capitellacin: Chemical Synthesis of Analogues to Probe the Role of Disulphide Bridges and Their Replacement with Vinyl Sulphides	29	0	0	29	0	0	0
doi__10.3390_antibiotics13080758	analogue_or_optimization_candidate	2024	10.3390/antibiotics13080758	Synthesis of Second-Generation Analogs of Temporin-SHa Peptide Having Broad-Spectrum Antibacterial and Anticancer Effects	124	5	0	102	0	5	0
doi__10.3390_antibiotics6030013	analogue_or_optimization_candidate	2017	10.3390/antibiotics6030013	Antibacterial Activity and Toxicity of Analogs of Scorpion Venom IsCT Peptides	45	0	0	45	0	0	0
doi__10.3390_antibiotics8010020	analogue_or_optimization_candidate	2019	10.3390/antibiotics8010020	Characterization and Antimicrobial Activity of Amphiphilic Peptide AP3 and Derivative Sequences	25	5	5	20	5	1	0
doi__10.3390_antibiotics9010023	explicit_rational_or_de_novo_design	2020	10.3390/antibiotics9010023	Designed Antimicrobial Peptides for Topical Treatment of Antibiotic Resistant Acne Vulgaris	119	0	0	91	0	0	0
doi__10.3390_antibiotics9050243	explicit_rational_or_de_novo_design	2020	10.3390/antibiotics9050243	Identification and Rational Design of a Novel Antibacterial Peptide Dermaseptin-AC from the Skin Secretion of the Red-Eyed Tree Frog Agalychnis callidryas	51	3	0	48	0	0	0
doi__10.3390_antibiotics9070366	analogue_or_optimization_candidate	2020	10.3390/antibiotics9070366	Analogues of a Cyclic Antimicrobial Peptide with a Flexible Linker Show Promising Activity against Pseudomonas aeruginosa and Staphylococcus aureus	95	19	0	76	0	4	0
doi__10.3390_antibiotics9080454	analogue_or_optimization_candidate	2020	10.3390/antibiotics9080454	Antifungal Effect of A Chimeric Peptide Hn-Mc against Pathogenic Fungal Strains	33	0	0	33	0	0	0
doi__10.3390_biology11091263	analogue_or_optimization_candidate	2022	10.3390/biology11091263	Evaluation of the Antimicrobial Properties of a Natural Peptide from Vespa mandarinia Venom and Its Synthetic Analogues as a Possible Route to Defeat Drug-Resistant Microbes	147	5	0	142	0	0	0
doi__10.3390_biom8020019	analogue_or_optimization_candidate	2018	10.3390/biom8020019	Improving the Activity of Trp-Rich Antimicrobial Peptides by Arg/Lys Substitutions and Changing the Length of Cationic Residues	20	0	0	20	0	0	0
doi__10.3390_biom8040122	analogue_or_optimization_candidate	2018	10.3390/biom8040122	Synergistic Effect of Combinations Containing EDTA and the Antimicrobial Peptide AA230, an Arenicin-3 Derivative, on Gram-Negative Bacteria	57	0	0	57	0	0	0
doi__10.3390_ijms17070983	analogue_or_optimization_candidate	2016	10.3390/ijms17070983	Novel Hybrid Peptide Cecropin A (1-8)-LL37 (17-30) with Potential Antibacterial Activity	61	3	0	28	0	0	0
doi__10.3390_ijms19010067	analogue_or_optimization_candidate	2017	10.3390/ijms19010067	Enantiomeric Effect of d-Amino Acid Substitution on the Mechanism of Action of α-Helical Membrane-Active Peptides	81	9	0	72	0	2	0
doi__10.3390_ijms20030623	analogue_or_optimization_candidate	2019	10.3390/ijms20030623	Potent and Broad-Spectrum Antimicrobial Activity of Analogs from the Scorpion Peptide Stigmurin	46	5	0	36	0	0	0
doi__10.3390_ijms20174184	analogue_or_optimization_candidate	2019	10.3390/ijms20174184	Characterization of Tachyplesin Peptides and Their Cyclized Analogues to Improve Antimicrobial and Anticancer Properties	78	12	0	24	0	1	0
doi__10.3390_ijms21030887	analogue_or_optimization_candidate	2020	10.3390/ijms21030887	Lipidated Analogs of the LL-37-Derived Peptide Fragment KR12—Structural Analysis, Surface-Active Properties and Antimicrobial Activity	170	10	0	150	0	4	0
doi__10.3390_ijms21165632	analogue_or_optimization_candidate	2020	10.3390/ijms21165632	All d-Lysine Analogues of the Antimicrobial Peptide HPA3NT3-A2 Increased Serum Stability and without Drug Resistance	128	6	0	122	0	0	0
doi__10.3390_ijms21186952	explicit_rational_or_de_novo_design	2020	10.3390/ijms21186952	A Safe and Multitasking Antimicrobial Decapeptide: The Road from De Novo Design to Structural and Functional Characterization	29	3	0	13	0	0	0
doi__10.3390_ijms21228624	explicit_rational_or_de_novo_design	2020	10.3390/ijms21228624	Effects of Rationally Designed Physico-Chemical Variants of the Peptide PuroA on Biocidal Activity towards Bacterial and Mammalian Cells	238	14	0	162	0	0	0
doi__10.3390_ijms21249637	analogue_or_optimization_candidate	2020	10.3390/ijms21249637	Dual Antibacterial Activities and Biofilm Eradication of a Marine Peptide-N6NH2 and Its Analogs against Multidrug-Resistant Aeromonas veronii	388	2	0	280	0	0	0
doi__10.3390_ijms22094509	analogue_or_optimization_candidate	2021	10.3390/ijms22094509	Aggregation and Its Influence on the Bioactivities of a Novel Antimicrobial Peptide, Temporin-PF, and Its Analogues	68	4	0	64	0	0	0
doi__10.3390_ijms22115540	analogue_or_optimization_candidate	2021	10.3390/ijms22115540	Comparative Antimicrobial Activity of Hp404 Peptide and Its Analogs against Acinetobacter baumannii	184	16	0	125	0	0	0
doi__10.3390_ijms22157959	analogue_or_optimization_candidate	2021	10.3390/ijms22157959	Effects of Lipidation on a Proline-Rich Antibacterial Peptide	128	7	0	121	0	2	0
doi__10.3390_ijms22179427	analogue_or_optimization_candidate	2021	10.3390/ijms22179427	Peptide Derivatives of the Zonulin Inhibitor Larazotide (AT1001) as Potential Anti SARS-CoV-2: Molecular Modelling, Synthesis and Bioactivity Evaluation	98	23	0	0	0	14	0
doi__10.3390_ijms222111681	analogue_or_optimization_candidate	2021	10.3390/ijms222111681	Novel Hybrid Peptide Cathelicidin 2 (1-13)-Thymopentin (TP5) and Its Derived Peptides with Effective Antibacterial, Antibiofilm, and Anti-Adhesion Activities	75	0	0	72	0	0	0
doi__10.3390_ijms23042060	analogue_or_optimization_candidate	2022	10.3390/ijms23042060	Broad-Spectrum Antiviral Activity of the Amphibian Antimicrobial Peptide Temporin L and Its Analogs	467	67	0	0	0	24	0
doi__10.3390_ijms232213844	analogue_or_optimization_candidate	2022	10.3390/ijms232213844	Synthesis and Antimicrobial Activity of Short Analogues of the Marine Antimicrobial Peptide Turgencin A: Effects of SAR Optimizations, Cys-Cys Cyclization and Lipopeptide Modifications	297	0	0	273	0	0	0
doi__10.3390_ijms232415594	explicit_rational_or_de_novo_design	2022	10.3390/ijms232415594	De Novo Design of AC-P19M, a Novel Anticancer Peptide with Apoptotic Effects on Lung Cancer Cells and Anti-Angiogenic Activity	23	3	2	16	2	3	0
doi__10.3390_ijms24043951	analogue_or_optimization_candidate	2023	10.3390/ijms24043951	Lipidation of Naturally Occurring α-Helical Antimicrobial Peptides as a Promising Strategy for Drug Design	177	0	0	172	0	0	0
doi__10.3390_ijms241814268	explicit_rational_or_de_novo_design	2023	10.3390/ijms241814268	Rational Design of Novel Peptidomimetics against Influenza A Virus: Biological and Computational Studies	18	6	0	0	0	6	0
doi__10.3390_ijms241914472	analogue_or_optimization_candidate	2023	10.3390/ijms241914472	A Designed Analog of an Antimicrobial Peptide, Crabrolin, Exhibits Enhanced Anti-Proliferative and In Vivo Antimicrobial Activity	227	19	0	199	0	0	0
doi__10.3390_ijms252413688	explicit_rational_or_de_novo_design	2024	10.3390/ijms252413688	Multi-Objective Optimization Accelerates the De Novo Design of Antimicrobial Peptide for Staphylococcus aureus	36	0	0	36	0	0	0
doi__10.3390_ijms26010051	analogue_or_optimization_candidate	2024	10.3390/ijms26010051	Single Disulfide Bond in Host Defense Thanatin Analog Peptides: Antimicrobial Activity, Atomic-Resolution Structures and Target Interactions	10	0	0	10	0	0	0
doi__10.3390_jof6030184	explicit_rational_or_de_novo_design	2020	10.3390/jof6030184	Designed Antimicrobial Peptides Against Trauma-Related Cutaneous Invasive Fungal Wound Infections	237	5	0	232	0	0	0
doi__10.3390_jof7020129	analogue_or_optimization_candidate	2021	10.3390/jof7020129	In Vitro and In Vivo Anti-Candida Activity and Structural Analysis of Killer Peptide (KP)-Derivatives	60	32	8	8	8	7	0
doi__10.3390_jof7060457	analogue_or_optimization_candidate	2021	10.3390/jof7060457	New Perspectives in the Antimicrobial Activity of the Amphibian Temporin B: Peptide Analogs Are Effective Inhibitors of Candida albicans Growth	88	2	0	0	0	0	0
doi__10.3390_life15101568	explicit_rational_or_de_novo_design	2025	10.3390/life15101568	Design, Structural Stability, Membrane Binding, and Antibacterial Activity of Novel Antimicrobial Peptides Derived from Wuchuanin-A1	10	0	0	10	0	0	0
doi__10.3390_md13031432	analogue_or_optimization_candidate	2015	10.3390/md13031432	A New Cyclic Hexapeptide and a New Isocoumarin Derivative from the Marine Sponge-Associated Fungus Aspergillus similanensis KUFA 0013	9	0	0	6	0	0	0
doi__10.3390_md14070136	analogue_or_optimization_candidate	2016	10.3390/md14070136	New Cyclotetrapeptides and a New Diketopiperzine Derivative from the Marine Sponge-Associated Fungus Neosartorya glabra KUFA 0702	40	0	0	40	0	0	0
doi__10.3390_md16090305	analogue_or_optimization_candidate	2018	10.3390/md16090305	Toward the Synthesis and Improved Biopotential of an N-methylated Analog of a Proline-Rich Cyclic Tetrapeptide from Marine Bacteria	78	0	0	22	0	0	0
doi__10.3390_md17030159	analogue_or_optimization_candidate	2019	10.3390/md17030159	A Synthetic Derivative of Antimicrobial Peptide Holothuroidin 2 from Mediterranean Sea Cucumber (Holothuria tubulosa) in the Control of Listeria monocytogenes	42	0	0	42	0	0	0
doi__10.3390_md17060376	explicit_rational_or_de_novo_design	2019	10.3390/md17060376	Redesigning Arenicin-1, an Antimicrobial Peptide from the Marine Polychaeta Arenicola marina, by Strand Rearrangement or Branching, Substitution of Specific Residues, and Backbone Linearization or Cyclization	150	20	0	130	0	5	0
doi__10.3390_md18120631	analogue_or_optimization_candidate	2020	10.3390/md18120631	Antimicrobial Peptide Arenicin-1 Derivative Ar-1-(C/A) as Complement System Modulator	21	9	0	6	0	0	0
doi__10.3390_md19080451	analogue_or_optimization_candidate	2021	10.3390/md19080451	Antimicrobial Activity and Action Mechanisms of Arg-Rich Short Analog Peptides Designed from the C-Terminal Loop Region of American Oyster Defensin (AOD)	67	15	0	0	0	5	0
doi__10.3390_md20010077	analogue_or_optimization_candidate	2022	10.3390/md20010077	New Tripeptide Derivatives Asperripeptides A-C from Vietnamese Mangrove-Derived Fungus Aspergillus terreus LM.5.2	12	0	0	9	0	0	0
doi__10.3390_md20030158	analogue_or_optimization_candidate	2022	10.3390/md20030158	Synthesis of Marine Cyclopeptide Galaxamide Analogues as Potential Anticancer Agents	54	0	0	45	0	0	0
doi__10.3390_membranes11010048	analogue_or_optimization_candidate	2021	10.3390/membranes11010048	How Insertion of a Single Tryptophan in the N-Terminus of a Cecropin A-Melittin Hybrid Peptide Changes Its Antimicrobial and Biophysical Profile	16	0	0	16	0	0	0
doi__10.3390_microorganisms11112778	analogue_or_optimization_candidate	2023	10.3390/microorganisms11112778	Aquiluscidin, a Cathelicidin from Crotalus aquilus, and the Vcn-23 Derivative Peptide, Have Anti-Microbial Activity against Gram-Negative and Gram-Positive Bacteria	32	12	0	18	0	0	0
doi__10.3390_microorganisms12010177	analogue_or_optimization_candidate	2024	10.3390/microorganisms12010177	Redefining Peptide 14D: Substitutional Analysis for Accelerated TB Diagnosis and Enhanced Activity against Mycobacterium tuberculosis	68	0	0	10	0	0	0
doi__10.3390_molecules18010859	explicit_rational_or_de_novo_design	2013	10.3390/molecules18010859	Structural Characterization of de Novo Designed L5K5W Model Peptide Isomers with Potent Antimicrobial and Varied Hemolytic Activities	121	11	0	110	0	0	0
doi__10.3390_molecules190810803	analogue_or_optimization_candidate	2014	10.3390/molecules190810803	Effects of Single Amino Acid Substitution on the Biophysical Properties and Biological Activities of an Amphipathic α-Helical Antibacterial Peptide Against Gram-Negative Bacteria	49	7	0	42	0	0	0
doi__10.3390_molecules21121667	analogue_or_optimization_candidate	2016	10.3390/molecules21121667	Identification and Characterisation of the Antimicrobial Peptide, Phylloseptin-PT, from the Skin Secretion of Phyllomedusa tarsius, and Comparison of Activity with Designed, Cationicity-Enhanced Analogues and Diastereomers	30	0	0	30	0	0	0
doi__10.3390_molecules22071054	explicit_rational_or_de_novo_design	2017	10.3390/molecules22071054	Rational Design of Cyclic Antimicrobial Peptides Based on BPC194 and BPC198	51	0	0	51	0	0	0
doi__10.3390_molecules23061491	analogue_or_optimization_candidate	2018	10.3390/molecules23061491	Expression, Purification, and Characterization of a Novel Hybrid Peptide with Potent Antibacterial Activity	16	4	2	12	2	0	0
doi__10.3390_molecules23071603	analogue_or_optimization_candidate	2018	10.3390/molecules23071603	A3, a Scorpion Venom Derived Peptide Analogue with Potent Antimicrobial and Potential Antibiofilm Activity against Clinical Isolates of Multi-Drug Resistant Gram Positive Bacteria	101	7	0	74	0	0	0
doi__10.3390_molecules23092245	analogue_or_optimization_candidate	2018	10.3390/molecules23092245	Depsidone Derivatives and a Cyclopeptide Produced by Marine Fungus Aspergillus unguis under Chemical Induction and by Its Plasma Induced Mutant	94	0	0	31	0	0	0
doi__10.3390_molecules23102722	explicit_rational_or_de_novo_design	2018	10.3390/molecules23102722	Design, Synthesis, and Evaluation of Amphiphilic Cyclic and Linear Peptides Composed of Hydrophobic and Positively-Charged Amino Acids as Antibacterial Agents	43	1	0	42	0	0	0
doi__10.3390_molecules24061121	analogue_or_optimization_candidate	2019	10.3390/molecules24061121	Structure-Activity Study, Characterization, and Mechanism of Action of an Antimicrobial Peptoid D2 and Its d- and l-Peptide Analogues	178	22	0	156	0	0	0
doi__10.3390_molecules26020444	analogue_or_optimization_candidate	2021	10.3390/molecules26020444	Development of Antimicrobial Stapled Peptides Based on Magainin 2 Sequence	70	14	0	56	0	1	0
doi__10.3390_molecules27113554	explicit_rational_or_de_novo_design	2022	10.3390/molecules27113554	Rational Design of Plant Hairpin-like Peptide EcAMP1: Structural-Functional Correlations to Reveal Antibacterial and Antifungal Activity	42	0	0	2	0	0	0
doi__10.3390_ph12020082	explicit_rational_or_de_novo_design	2019	10.3390/ph12020082	De Novo Design and In Vitro Testing of Antimicrobial Peptides against Gram-Negative Bacteria	115	0	0	98	0	0	0
doi__10.3390_ph7040482	analogue_or_optimization_candidate	2014	10.3390/ph7040482	β-Boomerang Antimicrobial and Antiendotoxic Peptides: Lipidation and Disulfide Bond Effects on Activity and Structure	36	4	0	32	0	0	0
doi__10.3390_ph7050502	analogue_or_optimization_candidate	2014	10.3390/ph7050502	Enhanced Antimicrobial Activity of AamAP1-Lysine, a Novel Synthetic Peptide Analog Derived from the Scorpion Venom Peptide AamAP1	27	9	0	18	0	0	0
doi__10.3390_pharmaceutics14020454	analogue_or_optimization_candidate	2022	10.3390/pharmaceutics14020454	Antifungal and Antibiofilm Activity of Cyclic Temporin L Peptide Analogues against Albicans and Non-Albicans Candida Species	74	0	0	74	0	0	0
doi__10.3390_pharmaceutics15020436	analogue_or_optimization_candidate	2023	10.3390/pharmaceutics15020436	Effects of Dimerization, Dendrimerization, and Chirality in p-BthTX-I Peptide Analogs on the Antibacterial Activity and Enzymatic Inhibition of the SARS-CoV-2 PLpro Protein	112	6	0	94	0	6	0
doi__10.3390_pharmaceutics16081098	analogue_or_optimization_candidate	2024	10.3390/pharmaceutics16081098	Enhancement of Antimicrobial Function by L/D-Lysine Substitution on a Novel Broad-Spectrum Antimicrobial Peptide, Phylloseptin-TO2: A Structure-Related Activity Research Study	599	28	0	521	0	0	0
doi__10.3390_toxins10040161	analogue_or_optimization_candidate	2018	10.3390/toxins10040161	Analogs of the Scorpion Venom Peptide Stigmurin: Structural Assessment, Toxicity, and Increased Antimicrobial Activity	24	0	0	24	0	0	0
doi__10.3390_toxins10100413	analogue_or_optimization_candidate	2018	10.3390/toxins10100413	Evaluating the Bioactivity of a Novel Broad-Spectrum Antimicrobial Peptide Brevinin-1GHa from the Frog Skin Secretion of Hylarana guentheri and Its Analogues	51	3	3	48	3	0	0
doi__10.3390_toxins12080484	analogue_or_optimization_candidate	2020	10.3390/toxins12080484	Enhanced Antimicrobial Activity of N-Terminal Derivatives of a Novel Brevinin-1 Peptide from The Skin Secretion of Odorrana schmackeri	483	7	0	396	0	3	0
doi__10.3390_toxins15010042	analogue_or_optimization_candidate	2023	10.3390/toxins15010042	Evaluation of the Synthetic Multifunctional Peptide Hp-MAP3 Derivative of Temporin-PTa	36	3	0	29	0	1	0
doi__10.3390_toxins7020219	analogue_or_optimization_candidate	2015	10.3390/toxins7020219	AaeAP1 and AaeAP2: Novel Antimicrobial Peptides from the Venom of the Scorpion, Androctonus aeneas: Structural Characterisation, Molecular Cloning of Biosynthetic Precursor-Encoding cDNAs and Engineering of Analogues with Enhanced Antimicrobial and Anticancer Activities	42	4	0	22	0	0	0
doi__10.3390_toxins9010022	explicit_rational_or_de_novo_design	2017	10.3390/toxins9010022	Bioactivity of Natural and Engineered Antimicrobial Peptides from Venom of the Scorpions Urodacus yaschenkoi and U. manicatus	288	48	0	96	0	0	0
doi__10.3390_v14102103	explicit_rational_or_de_novo_design	2022	10.3390/v14102103	Design of Three Residues Peptides against SARS-CoV-2 Infection	28	6	0	0	0	4	0
doi__10.4103_1735-5362.359429	explicit_rational_or_de_novo_design	2022	10.4103/1735-5362.359429	The design and evaluation of the antimicrobial activity of a novel conjugated penta-ultrashort antimicrobial peptide in combination with conventional antibiotics against sensitive and resistant strains of S. aureus and E. coli.	48	8	0	40	0	0	0
doi__10.7150_ijbs.23419	analogue_or_optimization_candidate	2018	10.7150/ijbs.23419	Evaluation of the bioactivity of a mastoparan peptide from wasp venom and of its analogues designed through targeted engineering	69	3	0	60	0	0	0
doi__10.7150_ijbs.9859	analogue_or_optimization_candidate	2014	10.7150/ijbs.9859	Cationicity-Enhanced Analogues of the Antimicrobial Peptides, AcrAP1 and AcrAP2, from the Venom of the Scorpion, Androctonus crassicauda, Display Potent Growth Modulation Effects on Human Cancer Cell Lines	40	5	0	25	0	0	0
doi__10.7150_thno.40971	analogue_or_optimization_candidate	2020	10.7150/thno.40971	Stapled peptide targeting the CDK4/Cyclin D interface combined with Abemaciclib inhibits KRAS mutant lung cancer growth	8	1	0	1	0	0	0
doi__10.7150_thno.75444	explicit_rational_or_de_novo_design	2022	10.7150/thno.75444	Design of stapled peptide-based PROTACs for MDM2/MDMX atypical degradation and tumor suppression	23	0	0	23	0	0	0
pmid__34681184	explicit_rational_or_de_novo_design	2021	10.3390/ph14100959	Discovery of a Novel Tetrapeptide against Influenza A Virus: Rational Design, Synthesis, Bioactivity Evaluation and Computational Studies	71	3	0	0	0	3	0
pmid__36151303	analogue_or_optimization_candidate	2022	10.1038/s41598-022-20236-1	Novel D-form of hybrid peptide (D-AP19) rapidly kills Acinetobacter baumannii while tolerating proteolytic enzymes	316	16	0	280	0	10	0
