level	page_num	block_num	par_num	line_num	word_num	left	top	width	height	conf	text
1	1	0	0	0	0	0	0	4961	1950	-1	
2	1	1	0	0	0	45	0	4541	1950	-1	
3	1	1	1	0	0	46	0	3810	270	-1	
4	1	1	1	1	0	47	0	3394	41	-1	
5	1	1	1	1	1	66	0	13	47	47	Oo
5	1	1	1	1	2	1023	0	48	26	35	SS
5	1	1	1	1	3	1115	0	158	41	4	Morea
5	1	1	1	1	4	1561	3	82	35	22	fey
5	1	1	1	1	5	1621	0	24	48	0	Hi
5	1	1	1	1	6	1691	0	73	42	43	We
5	1	1	1	1	7	1778	5	15	31	17	2.
5	1	1	1	1	8	1805	1	60	40	13	Se
5	1	1	1	1	9	1901	0	48	48	18	ee
5	1	1	1	1	10	2186	32	8	6	14	Pe
5	1	1	1	1	11	2239	5	1	28	21	A
5	1	1	1	1	12	2262	0	30	46	17	Wi
5	1	1	1	1	13	2298	3	31	30	1	te
5	1	1	1	1	14	2381	7	112	34	0	ROCIOE
5	1	1	1	1	15	2493	9	95	32	15	eet
5	1	1	1	1	16	2591	2	93	39	0	srrte,
5	1	1	1	1	17	2745	4	35	36	30	hee
5	1	1	1	1	18	3015	2	9	10	0	:
5	1	1	1	1	19	3142	13	9	9	69	°
5	1	1	1	1	20	3420	0	21	37	6	i
4	1	1	1	2	0	46	20	3375	70	-1	
5	1	1	1	2	1	46	21	46	45	79	2
5	1	1	1	2	2	151	33	33	29	76	9
5	1	1	1	2	3	1056	57	13	15	29	.
5	1	1	1	2	4	1147	22	29	52	0	%
5	1	1	1	2	5	1207	41	44	37	0	“sa
5	1	1	1	2	6	1553	39	55	36	15	had
5	1	1	1	2	7	1711	41	187	35	15	Cae
5	1	1	1	2	8	2101	36	125	40	37	eee)
5	1	1	1	2	9	2299	37	55	30	23	Aer
5	1	1	1	2	10	2449	33	181	45	41	ey
5	1	1	1	2	11	2646	29	77	49	19	Rs
5	1	1	1	2	12	2722	28	33	62	30	be
5	1	1	1	2	13	2805	20	26	57	0	1
5	1	1	1	2	14	2890	29	25	35	29	\
5	1	1	1	2	15	3064	57	9	9	1	.
5	1	1	1	2	16	3381	38	40	32	2	|
4	1	1	1	3	0	47	5	3357	184	-1	
5	1	1	1	3	1	47	72	45	60	61	=
5	1	1	1	3	2	139	67	43	73	0	S
5	1	1	1	3	3	1016	70	59	87	23	2)
5	1	1	1	3	4	1152	5	122	148	14	AN
5	1	1	1	3	5	1287	97	24	32	0	*
5	1	1	1	3	6	1510	15	129	126	37	ff
5	1	1	1	3	7	1713	78	76	62	44	QE
5	1	1	1	3	8	1790	81	268	53	38	Seo
5	1	1	1	3	9	2085	79	122	58	41	ey
5	1	1	1	3	10	2321	52	251	93	20	aoe
5	1	1	1	3	11	2623	87	47	36	38	at
5	1	1	1	3	12	2700	56	79	133	0	yy
5	1	1	1	3	13	2915	57	54	87	80	N
5	1	1	1	3	14	3234	81	8	10	0	ees
5	1	1	1	3	15	3343	79	61	103	54	A,
4	1	1	1	4	0	47	97	3698	173	-1	
5	1	1	1	4	1	47	157	45	113	62	©
5	1	1	1	4	2	139	176	43	67	81	Z
5	1	1	1	4	3	1267	188	188	34	14	<u
5	1	1	1	4	4	1773	154	17	66	25	‘x
5	1	1	1	4	5	1906	185	148	47	35	REO
5	1	1	1	4	6	2388	97	330	146	27	ae
5	1	1	1	4	7	2966	134	119	95	30	Qe
5	1	1	1	4	8	3256	157	18	72	42	fA
5	1	1	1	4	9	3597	195	148	46	21	——
3	1	1	2	0	0	45	241	3961	622	-1	
4	1	1	2	1	0	160	241	3846	40	-1	
5	1	1	2	1	1	160	241	11	40	48	Cc
5	1	1	2	1	2	3465	254	49	9	14	oe
5	1	1	2	1	3	3521	254	49	9	41	ee
5	1	1	2	1	4	3572	241	22	29	8	ee
5	1	1	2	1	5	3596	241	27	29	41	Oe
5	1	1	2	1	6	3629	254	49	8	46	ee
5	1	1	2	1	7	3678	241	28	29	34	Oe
5	1	1	2	1	8	3705	241	27	29	35	Oe
5	1	1	2	1	9	3731	241	29	29	13	Oe
5	1	1	2	1	10	3763	241	22	29	29	Oe
5	1	1	2	1	11	3787	241	27	29	25	Oe
5	1	1	2	1	12	3818	241	23	29	11	ee
5	1	1	2	1	13	3845	241	22	29	23	oe
5	1	1	2	1	14	3874	254	50	9	42	ee
5	1	1	2	1	15	3939	254	67	9	51	ee
4	1	1	2	2	0	139	265	2452	156	-1	
5	1	1	2	2	1	46	275	46	83	28	S
5	1	1	2	2	2	937	265	108	156	93	b
5	1	1	2	2	3	2486	302	105	116	61	C
4	1	1	2	3	0	47	350	137	38	-1	
5	1	1	2	3	1	47	360	45	28	15	oO
5	1	1	2	3	2	152	350	32	31	46	2
4	1	1	2	4	0	47	385	2692	94	-1	
5	1	1	2	4	1	47	385	137	90	31	Sie
5	1	1	2	4	2	1149	396	39	59	97	2
5	1	1	2	4	3	2301	468	14	11	0	:
5	1	1	2	4	4	2658	395	81	58	96	30
4	1	1	2	5	0	59	462	3821	119	-1	
5	1	1	2	5	1	59	493	33	65	73	5
5	1	1	2	5	2	139	493	45	88	80	<
5	1	1	2	5	3	1913	563	4	15	78	|
5	1	1	2	5	4	2077	464	235	97	95	E.coli
5	1	1	2	5	5	3672	475	208	57	46	E.coli
4	1	1	2	6	0	45	554	3955	97	-1	
5	1	1	2	6	1	45	577	139	72	43	gg
5	1	1	2	6	2	2107	565	323	62	92	S.aureus
5	1	1	2	6	3	2955	554	110	97	96	25.0
5	1	1	2	6	4	3258	586	113	44	81	250
5	1	1	2	6	5	3605	560	45	90	40	+
5	1	1	2	6	6	3654	556	17	98	0	~
5	1	1	2	6	7	3674	572	326	62	0	S.aureus
4	1	1	2	7	0	45	640	1082	62	-1	
5	1	1	2	7	1	45	640	138	62	40	Ze
5	1	1	2	7	2	1010	652	117	31	18	oe
4	1	1	2	8	0	60	673	2239	58	-1	
5	1	1	2	8	1	60	673	32	27	62	5
5	1	1	2	8	2	2197	673	102	58	96	1.5
4	1	1	2	9	0	45	694	2207	98	-1	
5	1	1	2	9	1	45	703	138	50	80	SE
5	1	1	2	9	2	1032	694	67	98	91	=
5	1	1	2	9	3	2239	718	13	13	57	.
4	1	1	2	10	0	59	755	1044	108	-1	
5	1	1	2	10	1	59	755	33	81	0	E
5	1	1	2	10	2	139	757	45	72	0	é
5	1	1	2	10	3	1032	802	71	61	83	5
3	1	1	3	0	0	2521	810	120	31	-1	
4	1	1	3	1	0	2521	810	120	31	-1	
5	1	1	3	1	1	2579	806	23	44	28	-~
3	1	1	4	0	0	47	823	3205	483	-1	
4	1	1	4	1	0	47	823	2692	119	-1	
5	1	1	4	1	1	47	838	45	77	51	a
5	1	1	4	1	2	139	852	45	77	60	2
5	1	1	4	1	3	1010	873	117	31	79	=
5	1	1	4	1	4	2521	823	218	119	25	i
4	1	1	4	2	0	47	921	2593	97	-1	
5	1	1	4	2	1	47	938	45	42	48	in
5	1	1	4	2	2	145	931	39	46	3	&
5	1	1	4	2	3	1009	922	94	75	38	Sees
5	1	1	4	2	4	1597	921	91	76	94	1.1
5	1	1	4	2	5	1897	921	91	76	95	1.1
5	1	1	4	2	6	2546	957	94	61	87	=
4	1	1	4	3	0	47	1028	2363	100	-1	
5	1	1	4	3	1	47	1034	137	94	58	ao
5	1	1	4	3	2	1013	1063	90	41	36	=
5	1	1	4	3	3	1152	1028	27	59	88	1
5	1	1	4	3	4	2306	1052	104	59	96	0.9
4	1	1	4	4	0	59	1110	3193	86	-1	
5	1	1	4	4	1	59	1130	33	66	70	5
5	1	1	4	4	2	151	1143	33	49	0	i
5	1	1	4	4	3	1032	1110	71	62	65	®
5	1	1	4	4	4	2519	1110	96	79	83	©
5	1	1	4	4	5	2843	1115	77	60	75	12:
5	1	1	4	4	6	3146	1115	106	75	96	12.5
4	1	1	4	5	0	47	1179	2692	127	-1	
5	1	1	4	5	1	47	1195	137	72	62	53
5	1	1	4	5	2	1032	1181	64	98	0	<
5	1	1	4	5	3	1706	1179	104	58	88	07
5	1	1	4	5	4	2006	1179	104	58	87	07
5	1	1	4	5	5	2522	1201	217	105	26	—
3	1	1	5	0	0	45	1239	3967	648	-1	
4	1	1	5	1	0	152	1262	1656	31	-1	
5	1	1	5	1	1	152	1262	32	31	54	5
4	1	1	5	2	0	47	1239	2568	148	-1	
5	1	1	5	2	1	47	1276	137	111	24	5%
5	1	1	5	2	2	1010	1290	93	92	89	&
5	1	1	5	2	3	2522	1239	93	89	96	=
4	1	1	5	3	0	45	1363	3630	109	-1	
5	1	1	5	3	1	45	1376	139	85	37	se
5	1	1	5	3	2	1010	1397	91	75	79	Q
5	1	1	5	3	3	1296	1363	211	78	96	0.40.4
5	1	1	5	3	4	3561	1386	114	44	94	6.25
4	1	1	5	4	0	45	1442	139	68	-1	
5	1	1	5	4	1	45	1442	47	60	63	a
5	1	1	5	4	2	139	1464	45	46	34	9
4	1	1	5	5	0	45	1504	3932	95	-1	
5	1	1	5	5	1	45	1504	139	95	28	=e
5	1	1	5	5	2	3865	1518	112	45	96	3.13
4	1	1	5	6	0	60	1586	3804	49	-1	
5	1	1	5	6	1	60	1600	32	31	83	3
5	1	1	5	6	2	151	1610	33	25	50	a
5	1	1	5	6	3	3451	1586	110	46	95	1.56
5	1	1	5	6	4	3755	1586	109	46	96	1.56
4	1	1	5	7	0	47	1634	2065	85	-1	
5	1	1	5	7	1	47	1634	137	69	39	“x
5	1	1	5	7	2	1150	1660	38	59	93	0
5	1	1	5	7	3	2111	1674	1	7	64	|
4	1	1	5	8	0	45	1676	3822	96	-1	
5	1	1	5	8	1	45	1705	47	44	56	3
5	1	1	5	8	2	145	1704	39	68	30	=
5	1	1	5	8	3	2700	1676	39	58	29	o
5	1	1	5	8	4	2771	1636	150	150	18	+—
5	1	1	5	8	5	3245	1700	9	1	0	:
5	1	1	5	8	6	3549	1700	6	1	44	.
5	1	1	5	8	7	3853	1700	14	1	0	.
4	1	1	5	9	0	47	1752	3965	86	-1	
5	1	1	5	9	1	47	1752	137	86	51	Bou
5	1	1	5	9	2	1386	1757	28	62	96	1
5	1	1	5	9	3	1682	1757	41	62	79	2
5	1	1	5	9	4	1861	1756	272	63	26	CPFx-1
5	1	1	5	9	5	2162	1756	281	63	26	CPFx-2
5	1	1	5	9	6	2941	1761	28	63	96	1
5	1	1	5	9	7	3240	1761	42	63	82	2
5	1	1	5	9	8	3423	1760	274	64	36	$$CPFx-1
5	1	1	5	9	9	3727	1760	285	64	36	CPFx-2
4	1	1	5	10	0	47	1831	130	56	-1	
5	1	1	5	10	1	47	1839	44	48	26	x
5	1	1	5	10	2	121	1831	56	47	38	aon
3	1	1	6	0	0	59	1865	4527	85	-1	
4	1	1	6	1	0	135	1865	47	47	-1	
5	1	1	6	1	1	135	1865	47	47	20	on
4	1	1	6	2	0	59	1906	4527	44	-1	
5	1	1	6	2	1	79	1902	12	48	32	Dn
5	1	1	6	2	2	360	1913	73	37	46	Fiq
5	1	1	6	2	3	476	1913	33	37	79	A
5	1	1	6	2	4	579	1908	62	42	5	(9)
5	1	1	6	2	5	675	1910	64	40	5	!/1B
5	1	1	6	2	6	769	1923	125	27	74	anar
5	1	1	6	2	7	922	1910	170	40	66	nilatec
5	1	1	6	2	8	1120	1910	137	40	61	chow
5	1	1	6	2	9	1263	1910	101	40	61	ing
5	1	1	6	2	10	1392	1910	169	40	73	vinhle
5	1	1	6	2	11	1590	1910	245	40	88	hacterial
5	1	1	6	2	12	1866	1914	201	36	51	cornte
5	1	1	6	2	13	2094	1910	59	40	94	of
5	1	1	6	2	14	2179	1910	34	40	47	FE
5	1	1	6	2	15	2253	1910	105	40	79	coll
5	1	1	6	2	16	2384	1910	103	40	93	and
5	1	1	6	2	17	2521	1909	28	41	66	S
5	1	1	6	2	18	2588	1923	199	27	1	ayysrearje
5	1	1	6	2	19	2814	1910	133	40	58	after
5	1	1	6	2	20	2973	1914	292	36	82	treatment
5	1	1	6	2	21	3290	1910	123	40	91	with
5	1	1	6	2	22	3442	1910	380	40	51	antimicrohial
5	1	1	6	2	23	3855	1910	249	40	46	naentidec
5	1	1	6	2	24	4133	1908	87	42	76	(50
5	1	1	6	2	25	4254	1908	101	42	51	1M)
5	1	1	6	2	26	4385	1910	80	40	93	for
5	1	1	6	2	27	4493	1909	32	41	79	6
5	1	1	6	2	28	4556	1910	30	40	79	h
