review_id	priority	paper_id	doi	database	error_type	db_peptide	db_organism	db_endpoint	db_value	source_table	source_row	source_col	source_value	reason	local_pdf	ai_recommendation	ai_severity	ai_confidence	ai_reviewer	ai_reviewed_at	ai_source	ai_provenance	ai_evidence_type	ai_evidence_file	ai_notes	safe_to_import_to_human_verdicts
R133	DUAL	doi__10.3389_fmicb.2018.00667	10.3389/fmicb.2018.00667	DBAASP	variant_misattribution	LyeTxI-b, a Synthetic Peptide Derived From Lycosa erythrognatha Spider Venom, Shows Potent Antibiotic Activity in Vitro and in Vivo.	Aggregatibacter actinomycetemcomitans ATCC 29522	MBC	20.12 µM		LyeTxI	A. actinomycetemcomitans / MBC / μmol.L-1	20.12∗	20.12 µM is LyeTxI (parent) MBC in Table 1; LyeTxI-b MBC for same organism is 11.4 µM. DB assigned parent peptide value to LyeTxI-b.	papers/doi__10.3389_fmicb.2018.00667/source/paper.pdf	confirmed	major	high	codex_cli_ai_assisted_not_human	2026-07-06T23:25:00+08:00	codex_cli_ai_assisted	separate_ai_recommendation_export_not_human_review	direct_table	paper_packets/doi__10.3389_fmicb.2018.00667/extracted/pdf_text/landing-1.txt	Table 1 lists A. actinomycetemcomitans MBC 20.12 under the LyeTxI row; the LyeTxI-b row for the same organism is 11.4. Database record attributes the LyeTxI value to LyeTxI-b.	no_ai_only_do_not_label_human
R134	DUAL	doi__10.3389_fmicb.2018.00667	10.3389/fmicb.2018.00667	DBAASP	variant_misattribution	LyeTxI-b, a Synthetic Peptide Derived From Lycosa erythrognatha Spider Venom, Shows Potent Antibiotic Activity in Vitro and in Vivo.	Streptococcus sanguinis ATCC 10556	MIC	10.9 µM		LyeTxI	S. sanguinis / MIC / μmol.L-1	10.9∗∗∗	10.9 µM is LyeTxI (parent) MIC in Table 1; LyeTxI-b MIC for same organism is 5.7 µM. DB assigned parent peptide value to LyeTxI-b.	papers/doi__10.3389_fmicb.2018.00667/source/paper.pdf	confirmed	major	high	codex_cli_ai_assisted_not_human	2026-07-06T23:25:00+08:00	codex_cli_ai_assisted	separate_ai_recommendation_export_not_human_review	direct_table	paper_packets/doi__10.3389_fmicb.2018.00667/extracted/pdf_text/landing-1.txt	Table 1 lists S. sanguinis MIC 10.9 under the LyeTxI row; the LyeTxI-b row for S. sanguinis is 5.7. Database record attributes the LyeTxI value to LyeTxI-b.	no_ai_only_do_not_label_human
R135	DUAL	doi__10.3389_fmicb.2018.00667	10.3389/fmicb.2018.00667	DBAASP	variant_misattribution	LyeTxI-b, a Synthetic Peptide Derived From Lycosa erythrognatha Spider Venom, Shows Potent Antibiotic Activity in Vitro and in Vivo.	Streptococcus sanguinis ATCC 10556	MBC	21.8 µM		LyeTxI	S. sanguinis / MBC / μmol.L-1	21.8∗∗∗	21.8 µM is LyeTxI (parent) MBC in Table 1; LyeTxI-b MBC for same organism is 5.7 µM. DB assigned parent peptide value to LyeTxI-b.	papers/doi__10.3389_fmicb.2018.00667/source/paper.pdf	confirmed	major	high	codex_cli_ai_assisted_not_human	2026-07-06T23:25:00+08:00	codex_cli_ai_assisted	separate_ai_recommendation_export_not_human_review	direct_table	paper_packets/doi__10.3389_fmicb.2018.00667/extracted/pdf_text/landing-1.txt	Table 1 lists S. sanguinis MBC 21.8 under the LyeTxI row; the LyeTxI-b row for S. sanguinis is 5.7. Database record attributes the LyeTxI value to LyeTxI-b.	no_ai_only_do_not_label_human
R049	DUAL	doi__10.3389_fmicb.2018.02276	10.3389/fmicb.2018.02276	CAMP	value_mismatch	Bacteriocin Plantaricin LPL-1	Listeria monocytogenes NICPBP 54002[MIC = 16 microg/ml], Listeria monocytogenes ATCC 19113[MIC = 16 microg/ml], Listeria monocytogenes ATCC 19114[MIC = 16 microg/ml], Staphylococcus aureus ATCC 13565[MIC = 32 microg/ml], Staphylococcus aureus ATCC 6538[MIC = 32 microg/ml], Staphylococcus aureus CVCC 26112[MIC = 32 microg/ml], Enterococcus faecalis[MIC = 32 microg/ml], Lactobacillus delbrueckii subsp. lactis[MIC = 16 microg/ml], Lactiplantibacillus plantarum[MIC = 16 microg/ml], Lactobacillus delbrueckii subsp. bulgaricus[MIC = 16 microg/ml], Ligilactobacillus salivarius[MIC = 16 microg/ml], Lactococcus lactis MG1363[MIC = 16 microg/ml], Bacillus amyloliquefaciens[MIC = 32 microg/ml], Bacillus pumilus[MIC = 32 microg/ml], Escherichia coli DH5alpha, Escherichia coli BL21, Escherichia coli BW25113, Escherichia coli JM109, Saccharomyces cerevisiae, Pichia pastoris GS115	text	Antibacterial, Antifungal		Saccharomyces cerevisiae	Activity (mm)	0	DB includes Antifungal, but provided table reports 0 inhibition for Saccharomyces cerevisiae.	papers/doi__10.3389_fmicb.2018.02276/source/paper.pdf	confirmed	major	high	codex_cli_ai_assisted_not_human	2026-07-06T23:25:00+08:00	codex_cli_ai_assisted	separate_ai_recommendation_export_not_human_review	direct_table	paper_packets/doi__10.3389_fmicb.2018.02276/extracted/pdf_text/fmicb-09-02276.txt	Table 1 antibacterial spectrum shows Saccharomyces cerevisiae in the fungi section with Activity (mm)=0 and no MIC value, while the database target list treats it as part of the active spectrum.	no_ai_only_do_not_label_human
R065	DUAL	doi__10.3389_fmicb.2018.02846	10.3389/fmicb.2018.02846	DBAASP	value_mismatch	Nigrocin-HL (1-14)-F, Nigrocin-HLM	Pseudomonas aeruginosa ATCC 27853	MIC	2.94		P. aeruginosa (ATCC27853)	Nigrocin-HLM	47.08/47.08	Source HLM vs P. aeruginosa MIC = 47.08, not DB's 2.94 (2.94 is HLM's value vs S. aureus/C. albicans). Conflict.	papers/doi__10.3389_fmicb.2018.02846/source/paper.pdf	confirmed	major	high	codex_cli_ai_assisted_not_human	2026-07-06T23:25:00+08:00	codex_cli_ai_assisted	separate_ai_recommendation_export_not_human_review	direct_table	paper_packets/doi__10.3389_fmicb.2018.02846/extracted/pdf_text/fmicb-09-02846.txt	Table 1 reports Nigrocin-HLM against P. aeruginosa ATCC27853 as 47.08/47.08 mg/l for MIC/MBC; database value 2.94 is from a different organism/row.	no_ai_only_do_not_label_human
R066	DUAL	doi__10.3389_fmicb.2018.02846	10.3389/fmicb.2018.02846	DBAASP	value_mismatch	Nigrocin-HL (1-14)-F, Nigrocin-HLM	Pseudomonas aeruginosa ATCC 27853	MBC	5.89		P. aeruginosa (ATCC27853)	Nigrocin-HLM	47.08/47.08	Source HLM P. aeruginosa MBC = 47.08, not DB's 5.89. Conflict.	papers/doi__10.3389_fmicb.2018.02846/source/paper.pdf	confirmed	major	high	codex_cli_ai_assisted_not_human	2026-07-06T23:25:00+08:00	codex_cli_ai_assisted	separate_ai_recommendation_export_not_human_review	direct_table	paper_packets/doi__10.3389_fmicb.2018.02846/extracted/pdf_text/fmicb-09-02846.txt	Table 1 reports Nigrocin-HLM against P. aeruginosa ATCC27853 as 47.08/47.08 mg/l for MIC/MBC; database value 5.89 is from a different organism/row.	no_ai_only_do_not_label_human
R063	DUAL	doi__10.3390_antibiotics11020243	10.3390/antibiotics11020243	DBAASP	value_mismatch	Kassporin-KS1, QUB-1641	Staphylococcus aureus NCTC 10788	MBC	>128		S. aureusNCTC 10788	MIC/MBC (µM) / QUB-1641	64/64	Source MBC for QUB-1641 vs S. aureus NCTC 10788 is 64 (64/64); DB claims MBC >128.	papers/doi__10.3390_antibiotics11020243/source/paper.pdf	confirmed	major	high	codex_cli_ai_assisted_not_human	2026-07-06T23:25:00+08:00	codex_cli_ai_assisted	separate_ai_recommendation_export_not_human_review	direct_table	paper_packets/doi__10.3390_antibiotics11020243/extracted/pdf_text/antibiotics-11-00243.txt	Table 3 reports QUB-1641 for S. aureus NCTC10788 as MIC/MBC 64/64 uM. Database row gives MBC >128, which is inconsistent with the source row.	no_ai_only_do_not_label_human
R031	DUAL	doi__10.3390_antibiotics9120870	10.3390/antibiotics9120870	CAMP	variant_misattribution	WAMP-2			LCCGKYGFCGSG		WAMP-G1	Amino Acid Sequence	LCCGKYGFCGSG	Claimed WAMP-2 sequence exists in source, but source assigns it to WAMP-G1.	papers/doi__10.3390_antibiotics9120870/source/paper.pdf	confirmed	major	high	codex_cli_ai_assisted_not_human	2026-07-06T23:25:00+08:00	codex_cli_ai_assisted	separate_ai_recommendation_export_not_human_review	direct_table	paper_packets/doi__10.3390_antibiotics9120870/extracted/pdf_text/antibiotics-09-00870.txt	Table 4 maps WAMP-G1 to sequence LCCGKYGFCGSG and WAMP-2 to the full 45-aa sequence. Database record labels the fragment sequence as WAMP-2.	no_ai_only_do_not_label_human
R032	DUAL	doi__10.3390_antibiotics9120870	10.3390/antibiotics9120870	CAMP	variant_misattribution	WAMP-2			GKGSCQSQCRGCR		WAMP-C	Amino Acid Sequence	GKGSCQSQCRGCR	Claimed WAMP-2 sequence exists in source, but source assigns it to WAMP-C.	papers/doi__10.3390_antibiotics9120870/source/paper.pdf	confirmed	major	high	codex_cli_ai_assisted_not_human	2026-07-06T23:25:00+08:00	codex_cli_ai_assisted	separate_ai_recommendation_export_not_human_review	direct_table	paper_packets/doi__10.3390_antibiotics9120870/extracted/pdf_text/antibiotics-09-00870.txt	Table 4 maps WAMP-C to sequence GKGSCQSQCRGCR and WAMP-2 to the full 45-aa sequence. Database record labels the fragment sequence as WAMP-2.	no_ai_only_do_not_label_human
R033	DUAL	doi__10.3390_antibiotics9120870	10.3390/antibiotics9120870	CAMP	variant_misattribution	WAMP-2			AQRCGDQARGAKC		WAMP-N	Amino Acid Sequence	AQRCGDQARGAKC	Claimed WAMP-2 sequence exists in source, but source assigns it to WAMP-N.	papers/doi__10.3390_antibiotics9120870/source/paper.pdf	confirmed	major	high	codex_cli_ai_assisted_not_human	2026-07-06T23:25:00+08:00	codex_cli_ai_assisted	separate_ai_recommendation_export_not_human_review	direct_table	paper_packets/doi__10.3390_antibiotics9120870/extracted/pdf_text/antibiotics-09-00870.txt	Table 4 maps WAMP-N to sequence AQRCGDQARGAKC and WAMP-2 to the full 45-aa sequence. Database record labels the fragment sequence as WAMP-2.	no_ai_only_do_not_label_human
R034	DUAL	doi__10.3390_antibiotics9120870	10.3390/antibiotics9120870	CAMP	variant_misattribution	WAMP-2			CCGKYGFCGSGDAYC		WAMP-G2	Amino Acid Sequence	CCGKYGFCGSGDAYC	Claimed WAMP-2 sequence exists in source, but source assigns it to WAMP-G2.	papers/doi__10.3390_antibiotics9120870/source/paper.pdf	confirmed	major	high	codex_cli_ai_assisted_not_human	2026-07-06T23:25:00+08:00	codex_cli_ai_assisted	separate_ai_recommendation_export_not_human_review	direct_table	paper_packets/doi__10.3390_antibiotics9120870/extracted/pdf_text/antibiotics-09-00870.txt	Table 4 maps WAMP-G2 to sequence CCGKYGFCGSGDAYC and WAMP-2 to the full 45-aa sequence. Database record labels the fragment sequence as WAMP-2.	no_ai_only_do_not_label_human
R064	DUAL	doi__10.3390_ijms24043951	10.3390/ijms24043951	DBAASP	endpoint_mismatch		Human prostate adenocarcinoma PC-3	MIC	36.26		C10-ATRA-1	IC50 (µg/mL) / PC3	36.26	Value 36.26 for PC3 is reported under IC50 in Table 2, not MIC; DB labels it MIC -> endpoint mismatch.	papers/doi__10.3390_ijms24043951/source/paper.pdf	confirmed	major	high	codex_cli_ai_assisted_not_human	2026-07-06T23:25:00+08:00	codex_cli_ai_assisted	separate_ai_recommendation_export_not_human_review	direct_table	paper_packets/doi__10.3390_ijms24043951/extracted/pdf_text/ijms-24-03951.txt	Table 2 is explicitly IC50 values and selectivity indexes; C10-ATRA-1 has PC3 IC50 36.26 ug/mL. Database endpoint says MIC, which is an endpoint mismatch.	no_ai_only_do_not_label_human
R036	DUAL	doi__10.3390_md12020871	10.3390/md12020871	DBAASP	endpoint_mismatch		Human breast adenocarcinoma MDA-MB-231	IC50	14.9		Breast cancer: MDA-MB-231	(GI50, µg/mL)	14.9	DB labels endpoint IC50; source Table 3 reports this value under GI50.	papers/doi__10.3390_md12020871/source/paper.pdf	confirmed	major	high	codex_cli_ai_assisted_not_human	2026-07-06T23:25:00+08:00	codex_cli_ai_assisted	separate_ai_recommendation_export_not_human_review	direct_table	paper_packets/doi__10.3390_md12020871/extracted/pdf_text/marinedrugs-12-00871.txt	Table 3 is Human Cancer Cell Line Inhibition Values (GI50); compound 1 against MDA-MB-231 is 14.9 ug/mL. Database endpoint says IC50, not GI50.	no_ai_only_do_not_label_human
R037	DUAL	doi__10.3390_md12020871	10.3390/md12020871	DBAASP	endpoint_mismatch		Human colon adenocarcinoma HCT-15	IC50	11.4		Colon cancer: HCT-15	(GI50, µg/mL)	11.4	DB labels endpoint IC50; source Table 3 reports this value under GI50.	papers/doi__10.3390_md12020871/source/paper.pdf	confirmed	major	high	codex_cli_ai_assisted_not_human	2026-07-06T23:25:00+08:00	codex_cli_ai_assisted	separate_ai_recommendation_export_not_human_review	direct_table	paper_packets/doi__10.3390_md12020871/extracted/pdf_text/marinedrugs-12-00871.txt	Table 3 is Human Cancer Cell Line Inhibition Values (GI50); compound 1 against HCT-15 is 11.4 ug/mL. Database endpoint says IC50, not GI50.	no_ai_only_do_not_label_human
R038	DUAL	doi__10.3390_md12020871	10.3390/md12020871	DBAASP	endpoint_mismatch		Human prostate adenocarcinoma PC-3	IC50	10.8		Prostate cancer: PC-3	(GI50, µg/mL)	10.8	DB labels endpoint IC50; source Table 3 reports this value under GI50.	papers/doi__10.3390_md12020871/source/paper.pdf	confirmed	major	high	codex_cli_ai_assisted_not_human	2026-07-06T23:25:00+08:00	codex_cli_ai_assisted	separate_ai_recommendation_export_not_human_review	direct_table	paper_packets/doi__10.3390_md12020871/extracted/pdf_text/marinedrugs-12-00871.txt	Table 3 is Human Cancer Cell Line Inhibition Values (GI50); compound 1 against PC-3 is 10.8 ug/mL. Database endpoint says IC50, not GI50.	no_ai_only_do_not_label_human
R039	DUAL	doi__10.3390_md12020871	10.3390/md12020871	DBAASP	endpoint_mismatch		Human lung adenocarcinoma NCI-H23	IC50	11.2		Lung cancer: NCI-H23	(GI50, µg/mL)	11.2	DB labels endpoint IC50; source Table 3 reports this value under GI50.	papers/doi__10.3390_md12020871/source/paper.pdf	confirmed	major	high	codex_cli_ai_assisted_not_human	2026-07-06T23:25:00+08:00	codex_cli_ai_assisted	separate_ai_recommendation_export_not_human_review	direct_table	paper_packets/doi__10.3390_md12020871/extracted/pdf_text/marinedrugs-12-00871.txt	Table 3 is Human Cancer Cell Line Inhibition Values (GI50); compound 1 against NCI-H23 is 11.2 ug/mL. Database endpoint says IC50, not GI50.	no_ai_only_do_not_label_human
R040	DUAL	doi__10.3390_md12020871	10.3390/md12020871	DBAASP	endpoint_mismatch		Human gastric cancer NUGC-3	IC50	11.8		Stomach cancer: NUGC-3	(GI50, µg/mL)	11.8	DB labels endpoint IC50; source Table 3 reports this value under GI50.	papers/doi__10.3390_md12020871/source/paper.pdf	confirmed	major	high	codex_cli_ai_assisted_not_human	2026-07-06T23:25:00+08:00	codex_cli_ai_assisted	separate_ai_recommendation_export_not_human_review	direct_table	paper_packets/doi__10.3390_md12020871/extracted/pdf_text/marinedrugs-12-00871.txt	Table 3 is Human Cancer Cell Line Inhibition Values (GI50); compound 1 against NUGC-3 is 11.8 ug/mL. Database endpoint says IC50, not GI50.	no_ai_only_do_not_label_human
R041	DUAL	doi__10.3390_md12020871	10.3390/md12020871	DBAASP	endpoint_mismatch		Human renal adenocarcinoma ACHN	IC50	11.5		Renal cancer: ACHN	(GI50, µg/mL)	11.5	DB labels endpoint IC50; source Table 3 reports this value under GI50.	papers/doi__10.3390_md12020871/source/paper.pdf	confirmed	major	high	codex_cli_ai_assisted_not_human	2026-07-06T23:25:00+08:00	codex_cli_ai_assisted	separate_ai_recommendation_export_not_human_review	direct_table	paper_packets/doi__10.3390_md12020871/extracted/pdf_text/marinedrugs-12-00871.txt	Table 3 is Human Cancer Cell Line Inhibition Values (GI50); compound 1 against ACHN is 11.5 ug/mL. Database endpoint says IC50, not GI50.	no_ai_only_do_not_label_human
