paper_id	database	error_type	db_peptide	db_organism	db_endpoint	db_value	source_table	source_row	source_col	source_value	reason
doi__10.1016_j.antiviral.2013.11.013	DBAASP	endpoint_mismatch		Vero cells	IC50	46.71±3.80	1	Hp1036	CC50 (μM)b	46.71 ± 3.80	Same value is reported for Vero cells as CC50, not IC50.
doi__10.1016_j.antiviral.2013.11.013	DBAASP	endpoint_mismatch		HSV-1	IC50 I	0.43±0.09	1	Hp1036	EC50 (μM)a in the following assay	0.43 ± 0.09	Same HSV-1 value is reported under EC50, not IC50 I.
doi__10.1016_j.antiviral.2013.11.013	DBAASP	endpoint_mismatch		HSV-1	IC50 E	4.29±0.35	1	Hp1036	EC50 (μM)a in the following assay	4.29 ± 0.35	Same HSV-1 value is reported under EC50, not IC50 E.
doi__10.1016_j.antiviral.2013.11.013	DBAASP	endpoint_mismatch		Vero cells	IC50	26.15±1.91	1	Hp1239	CC50 (μM)b	26.15 ± 1.91	Same value is reported for Vero cells as CC50, not IC50.
doi__10.1016_j.antiviral.2013.11.013	DBAASP	endpoint_mismatch		HSV-1	IC50 I	0.41±0.06	1	Hp1239	EC50 (μM)a in the following assay	0.41 ± 0.06	Same HSV-1 value is reported under EC50, not IC50 I.
doi__10.1016_j.antiviral.2013.11.013	DBAASP	endpoint_mismatch		HSV-1	IC50 E	4.32±0.47	1	Hp1239	EC50 (μM)a in the following assay	4.32 ± 0.47	Same HSV-1 value is reported under EC50, not IC50 E.
doi__10.1038_s42003-022-04385-7	DRAMP	variant_misattribution	MGS4_V8 (monomer)	Tumor cells: H358; H1993; H1299; H2009	EC50	H358=3.9nM; H1993=4nM; H1299=5.8nM; H2009=6.8nM	2	MGS4_V9 (dimer)	EC50 (nM)	3.9	Claimed EC50 values match MGS4_V9 dimer row, not the DB-named MGS4_V8 monomer row.
doi__10.1038_s42003-022-04385-7	DRAMP	variant_misattribution	MGS4_V8 (monomer)	Tumor cells: H1993; H1299; H2009; H358	EC50	H1993=1.5nM; H1299=2.5nM; H2009=3.4nM; H358=3.5nM	2	MGS4_V10 (tetramer)	EC50 (nM)	1.5	Claimed EC50 values match MGS4_V10 tetramer row, not the DB-named MGS4_V8 monomer row.
doi__10.1038_s42003-022-04385-7	DRAMP	variant_misattribution	MGS4_V9 (dimer)	Tumor cells: H358; H1993; H1299; H2009	EC50	H358=34nM; H1993=37nM; H1299=38nM; H2009=38nM	2	MGS4_V8 (monomer)	EC50 (nM)	34	Claimed EC50 values match MGS4_V8 monomer row, not the DB-named MGS4_V9 dimer row.
doi__10.1371_journal.pone.0215227	DBAASP	endpoint_mismatch		Porcine epidemic diarrhea virus (PEDcoV)	IC50 F	8.0±0.3 µg/ml	2	SLP1	EC50 (μg/ml)	8.0 ± 0.3	DB labels value as IC50 F, but matching source cell is EC50 for SLP1.
doi__10.1371_journal.pone.0215227	DBAASP	endpoint_mismatch		Porcine epidemic diarrhea virus (PEDcoV)	IC50 F	5.3±0.5 µg/ml	2	SLP2	EC50 (μg/ml)	5.3 ± 0.5	DB labels value as IC50 F, but matching source cell is EC50 for SLP2.
doi__10.1371_journal.pone.0215227	DBAASP	endpoint_mismatch		Porcine epidemic diarrhea virus (PEDcoV)	IC50 F	16.9±1.6 µg/ml	2	SLP3	EC50 (μg/ml)	16.9 ± 1.6	DB labels value as IC50 F, but matching source cell is EC50 for SLP3.
doi__10.1371_journal.pone.0215227	DBAASP	endpoint_mismatch		Porcine epidemic diarrhea virus (PEDcoV)	IC50 F	5.4±0.4 µg/ml	2	SLP4	EC50 (μg/ml)	5.4 ± 0.4	DB labels value as IC50 F, but matching source cell is EC50 for SLP4.
doi__10.1371_journal.pone.0215227	DBAASP	endpoint_mismatch		Porcine epidemic diarrhea virus (PEDcoV)	IC50 F	16.5±0.6 µg/ml	2	SLP5	EC50 (μg/ml)	16.5 ± 0.6	DB labels value as IC50 F, but matching source cell is EC50 for SLP5.
doi__10.1371_journal.pone.0215227	DBAASP	endpoint_mismatch		Porcine epidemic diarrhea virus (PEDcoV)	IC50 F	6.1±0.3 µg/ml	2	SLP6	EC50 (μg/ml)	6.1 ± 0.3	DB labels value as IC50 F, but matching source cell is EC50 for SLP6.
doi__10.1371_journal.pone.0215227	DBAASP	endpoint_mismatch		Porcine epidemic diarrhea virus (PEDcoV)	IC50 F	14.0±0.6 µg/ml	2	SLP7	EC50 (μg/ml)	14.0 ± 0.6	DB labels value as IC50 F, but matching source cell is EC50 for SLP7.
doi__10.1371_journal.pone.0215227	DBAASP	endpoint_mismatch		Porcine epidemic diarrhea virus (PEDcoV)	IC50 F	2.6±0.2 µg/ml	2	SLP8	EC50 (μg/ml)	2.6 ± 0.2	DB labels value as IC50 F, but matching source cell is EC50 for SLP8.
doi__10.1371_journal.pone.0215227	DBAASP	endpoint_mismatch		Porcine epidemic diarrhea virus (PEDcoV)	IC50 F	12.8±0.5 µg/ml	2	SLP9	EC50 (μg/ml)	12.8 ± 0.5	DB labels value as IC50 F, but matching source cell is EC50 for SLP9.
doi__10.1371_journal.pone.0215227	DBAASP	endpoint_mismatch		Porcine epidemic diarrhea virus (PEDcoV)	IC50 F	10.6±0.5 µg/ml	2	SLP10	EC50 (μg/ml)	10.6 ± 0.5	DB labels value as IC50 F, but matching source cell is EC50 for SLP10.
doi__10.1371_journal.pone.0215227	DBAASP	endpoint_mismatch		Porcine epidemic diarrhea virus (PEDcoV)	IC50 I	11.4±0.7 µg/ml	2	Surfactin	EC50 (μg/ml)	11.4 ± 0.7	DB labels value as IC50 I, but matching source cell is EC50 for Surfactin.
doi__10.3389_fimmu.2022.811378	DBAASP	value_mismatch		Escherichia coli CVCC 1522	MIC	0.05 µg/ml	1	E. coli CVCC1522	MICa, μg/mL	0.030	Source MIC for E. coli CVCC1522 is 0.030 μg/mL; DB claims 0.05 μg/ml.
doi__10.3390_antibiotics9120870	CAMP	variant_misattribution	WAMP-2			LCCGKYGFCGSG	4	WAMP-G1	Amino Acid Sequence	LCCGKYGFCGSG	Claimed WAMP-2 sequence exists in source, but source assigns it to WAMP-G1.
doi__10.3390_antibiotics9120870	CAMP	variant_misattribution	WAMP-2			GKGSCQSQCRGCR	4	WAMP-C	Amino Acid Sequence	GKGSCQSQCRGCR	Claimed WAMP-2 sequence exists in source, but source assigns it to WAMP-C.
doi__10.3390_antibiotics9120870	CAMP	variant_misattribution	WAMP-2			AQRCGDQARGAKC	4	WAMP-N	Amino Acid Sequence	AQRCGDQARGAKC	Claimed WAMP-2 sequence exists in source, but source assigns it to WAMP-N.
doi__10.3390_antibiotics9120870	CAMP	variant_misattribution	WAMP-2			CCGKYGFCGSGDAYC	4	WAMP-G2	Amino Acid Sequence	CCGKYGFCGSGDAYC	Claimed WAMP-2 sequence exists in source, but source assigns it to WAMP-G2.
doi__10.3390_md12020871	DBAASP	endpoint_mismatch		Human breast adenocarcinoma MDA-MB-231	IC50	14.9	3	Breast cancer: MDA-MB-231	(GI50, µg/mL)	14.9	DB labels endpoint IC50; source Table 3 reports this value under GI50.
doi__10.3390_md12020871	DBAASP	endpoint_mismatch		Human colon adenocarcinoma HCT-15	IC50	11.4	3	Colon cancer: HCT-15	(GI50, µg/mL)	11.4	DB labels endpoint IC50; source Table 3 reports this value under GI50.
doi__10.3390_md12020871	DBAASP	endpoint_mismatch		Human prostate adenocarcinoma PC-3	IC50	10.8	3	Prostate cancer: PC-3	(GI50, µg/mL)	10.8	DB labels endpoint IC50; source Table 3 reports this value under GI50.
doi__10.3390_md12020871	DBAASP	endpoint_mismatch		Human lung adenocarcinoma NCI-H23	IC50	11.2	3	Lung cancer: NCI-H23	(GI50, µg/mL)	11.2	DB labels endpoint IC50; source Table 3 reports this value under GI50.
doi__10.3390_md12020871	DBAASP	endpoint_mismatch		Human gastric cancer NUGC-3	IC50	11.8	3	Stomach cancer: NUGC-3	(GI50, µg/mL)	11.8	DB labels endpoint IC50; source Table 3 reports this value under GI50.
doi__10.3390_md12020871	DBAASP	endpoint_mismatch		Human renal adenocarcinoma ACHN	IC50	11.5	3	Renal cancer: ACHN	(GI50, µg/mL)	11.5	DB labels endpoint IC50; source Table 3 reports this value under GI50.
doi__10.3389_fmicb.2018.02276	CAMP	value_mismatch	Bacteriocin Plantaricin LPL-1	Listeria monocytogenes NICPBP 54002[MIC = 16 microg/ml], Listeria monocytogenes ATCC 19113[MIC = 16 microg/ml], Listeria monocytogenes ATCC 19114[MIC = 16 microg/ml], Staphylococcus aureus ATCC 13565[MIC = 32 microg/ml], Staphylococcus aureus ATCC 6538[MIC = 32 microg/ml], Staphylococcus aureus CVCC 26112[MIC = 32 microg/ml], Enterococcus faecalis[MIC = 32 microg/ml], Lactobacillus delbrueckii subsp. lactis[MIC = 16 microg/ml], Lactiplantibacillus plantarum[MIC = 16 microg/ml], Lactobacillus delbrueckii subsp. bulgaricus[MIC = 16 microg/ml], Ligilactobacillus salivarius[MIC = 16 microg/ml], Lactococcus lactis MG1363[MIC = 16 microg/ml], Bacillus amyloliquefaciens[MIC = 32 microg/ml], Bacillus pumilus[MIC = 32 microg/ml], Escherichia coli DH5alpha, Escherichia coli BL21, Escherichia coli BW25113, Escherichia coli JM109, Saccharomyces cerevisiae, Pichia pastoris GS115	text	Antibacterial, Antifungal	1	Saccharomyces cerevisiae	Activity (mm)	0	DB includes Antifungal, but provided table reports 0 inhibition for Saccharomyces cerevisiae.
doi__10.1038_s41467-020-16950-x	DBAASP	value_mismatch	AA139	Escherichia coli ATCC 25922	MIC	2	2	AA139	E. coli ATCC 25922 / MIC	0.125	Source gives 0.125 for AA139 vs E. coli ATCC 25922 MIC; DB claims 2 -> mismatch.
doi__10.1038_s41467-020-16950-x	DBAASP	value_mismatch	AA139	Klebsiella pneumoniae ATCC BAA-2146	MIC	2	2	AA139	K. pneumoniae BAA-2146 (NDM-1) / MIC	1	Source gives 1 for AA139 vs K. pneumoniae BAA-2146 MIC; DB claims 2 -> mismatch.
doi__10.1038_s41467-020-16950-x	DBAASP	value_mismatch	NZ17125	Escherichia coli ATCC 25922	MIC	8	2	NZ17125	E. coli ATCC 25922 / MIC	0.125	Source gives 0.125 for NZ17125 vs E. coli ATCC 25922 MIC; DB claims 8 -> mismatch.
doi__10.1038_s41467-020-16950-x	DBAASP	value_mismatch	NZ17125	Klebsiella pneumoniae ATCC BAA-2146	MIC	64	2	NZ17125	K. pneumoniae BAA-2146 (NDM-1) / MIC	2	Source gives 2 for NZ17125 vs K. pneumoniae BAA-2146 MIC; DB claims 64 -> mismatch.
doi__10.3390_antibiotics11020243	DBAASP	value_mismatch	Kassporin-KS1, QUB-1641	Staphylococcus aureus NCTC 10788	MBC	>128	3	S. aureusNCTC 10788	MIC/MBC (µM) / QUB-1641	64/64	Source MBC for QUB-1641 vs S. aureus NCTC 10788 is 64 (64/64); DB claims MBC >128.
doi__10.3390_ijms24043951	DBAASP	endpoint_mismatch		Human prostate adenocarcinoma PC-3	MIC	36.26	2	C10-ATRA-1	IC50 (µg/mL) / PC3	36.26	Value 36.26 for PC3 is reported under IC50 in Table 2, not MIC; DB labels it MIC -> endpoint mismatch.
doi__10.3389_fmicb.2018.02846	DBAASP	value_mismatch	Nigrocin-HL (1-14)-F, Nigrocin-HLM	Pseudomonas aeruginosa ATCC 27853	MIC	2.94	1	P. aeruginosa (ATCC27853)	Nigrocin-HLM	47.08/47.08	Source HLM vs P. aeruginosa MIC = 47.08, not DB's 2.94 (2.94 is HLM's value vs S. aureus/C. albicans). Conflict.
doi__10.3389_fmicb.2018.02846	DBAASP	value_mismatch	Nigrocin-HL (1-14)-F, Nigrocin-HLM	Pseudomonas aeruginosa ATCC 27853	MBC	5.89	1	P. aeruginosa (ATCC27853)	Nigrocin-HLM	47.08/47.08	Source HLM P. aeruginosa MBC = 47.08, not DB's 5.89. Conflict.
doi__10.1371_journal.pone.0018550	CAMP	variant_misattribution	MsDef1	Fusarium graminearum PH-1	IC50	1.3-1.5 microM	1	MsDef1-γ4*	$IC50 / A. Full length proteins with mixed αβ conformation	1.3–1.5	IC50=1.3–1.5 and IC100=3–4 belong to MsDef1-γ4* (gain-of-function mutant) in source, not wild-type MsDef1 (IC50=2–4, IC100=>6).
doi__10.1038_srep24684	DBAASP	endpoint_mismatch	Cecropin Px (5-34)	Escherichia coli ATCC 25922	IC50		3	E. coli 25922 (NCIM 2931)	MIC (microM)# / CecH	6.25–12.5	Source Table 3 reports CecH (Cecropin Px) activity vs E. coli 25922 (NCIM 2931) under MIC column header, not IC50. DB endpoint IC50 conflicts with source column
doi__10.1038_srep24684	DBAASP	endpoint_mismatch	Cecropin Px (5-34)	Escherichia coli ATCC 8739	IC50		3	E. coli 8739 (NCIM 2065)	MIC (microM)# / CecH	3.125–6.25	Source Table 3 reports CecH (Cecropin Px) vs E. coli 8739 (NCIM 2065) as MIC=3.125–6.25 µM. DB labels endpoint IC50; source column header is MIC throughout.
doi__10.3389_fmicb.2018.00667	DBAASP	variant_misattribution	LyeTxI-b, a Synthetic Peptide Derived From Lycosa erythrognatha Spider Venom, Shows Potent Antibiotic Activity in Vitro and in Vivo.	Aggregatibacter actinomycetemcomitans ATCC 29522	MIC	10.6 µM	1	LyeTxI	A. actinomycetemcomitans / MIC / μmol.L-1	10.6∗	10.6 µM is LyeTxI (parent) MIC in Table 1; LyeTxI-b MIC for same organism is 11.4 µM. DB assigned parent peptide value to LyeTxI-b.
doi__10.3389_fmicb.2018.00667	DBAASP	variant_misattribution	LyeTxI-b, a Synthetic Peptide Derived From Lycosa erythrognatha Spider Venom, Shows Potent Antibiotic Activity in Vitro and in Vivo.	Aggregatibacter actinomycetemcomitans ATCC 29522	MBC	20.12 µM	1	LyeTxI	A. actinomycetemcomitans / MBC / μmol.L-1	20.12∗	20.12 µM is LyeTxI (parent) MBC in Table 1; LyeTxI-b MBC for same organism is 11.4 µM. DB assigned parent peptide value to LyeTxI-b.
doi__10.3389_fmicb.2018.00667	DBAASP	variant_misattribution	LyeTxI-b, a Synthetic Peptide Derived From Lycosa erythrognatha Spider Venom, Shows Potent Antibiotic Activity in Vitro and in Vivo.	Streptococcus sanguinis ATCC 10556	MIC	10.9 µM	1	LyeTxI	S. sanguinis / MIC / μmol.L-1	10.9∗∗∗	10.9 µM is LyeTxI (parent) MIC in Table 1; LyeTxI-b MIC for same organism is 5.7 µM. DB assigned parent peptide value to LyeTxI-b.
doi__10.3389_fmicb.2018.00667	DBAASP	variant_misattribution	LyeTxI-b, a Synthetic Peptide Derived From Lycosa erythrognatha Spider Venom, Shows Potent Antibiotic Activity in Vitro and in Vivo.	Streptococcus sanguinis ATCC 10556	MBC	21.8 µM	1	LyeTxI	S. sanguinis / MBC / μmol.L-1	21.8∗∗∗	21.8 µM is LyeTxI (parent) MBC in Table 1; LyeTxI-b MBC for same organism is 5.7 µM. DB assigned parent peptide value to LyeTxI-b.
doi__10.1039_c8cc05790g	DBAASP	value_mismatch	Octyl Tridecaptin A1 [w5D-Cys, F9Cys]	Escherichia coli NCTC 12241	MIC	6.3	1	4	MIC a	>50	Table 1 row 4 (d-Cys/Cys = w5D-Cys/F9Cys) gives E. coli NCTC 12241 MIC >50 µg/mL; DB claims 6.3 µg/mL. Clear value mismatch.
doi__10.1186_s12917-024-04202-9	DBAASP	value_mismatch		Vibrio harveyi ATCC 33866	MIC		1	Vibrio harveyi	MIC (μg/mL)	25	DB records an empty MIC value for Vibrio harveyi ATCC33866; Table 1 explicitly shows MIC = 25 µg/mL for this exact strain (ATCC33866).
doi__10.1038_ki.2012.410	DBAASP	endpoint_mismatch		Proteus mirabilis PEDUTI-971	MIC	1.0-1.25	1	Proteus mirabilis PEDUTI-971	MBC(μM)b	1.0–1.25	Value '1.0-1.25' exists in source but under MBC column, not MIC. Source MIC for this strain is '0.3–0.6'. DB mislabeled MBC value as MIC.
doi__10.1021_acsomega.0c01462	CAMP	variant_misattribution	Melanotropin alpha	Staphylococcus aureus ATCC 29213 / ATCC 33591	MIC	11.36 microM	2	Pal-α-MSH(11-13)	Mueller-Hinton broth / MSSA	11.36 μM	MIC 11.36 μM for S. aureus ATCC 29213/33591 exists in Table 2 but is attributed to Pal-α-MSH(11-13), not Melanotropin alpha (α-MSH). Other listed organisms not 
doi__10.1021_acsomega.0c01462	CAMP	variant_misattribution	Melanotropin alpha	Staphylococcus aureus ATCC 29213 / ATCC 33591	MIC	>45.45 microM	2	Pal-α-MSH(6-13)	Mueller-Hinton broth / MSSA	>45.45 μM	MIC >45.45 μM for S. aureus ATCC 29213/33591 exists in Table 2 but belongs to Pal-α-MSH(6-13), not to Melanotropin alpha (α-MSH). Clear misattribution to wrong 
