review_id	link_confidence	audit_record_id	paper_id	doi	database	error_type	db_peptide	db_endpoint	db_value	source_value	human_verdict	human_severity	human_reviewer	human_notes	prior_review_status	prior_status
R001	medium	doi__10.1016_j.antiviral.2013.11.013:database_audit:1	doi__10.1016_j.antiviral.2013.11.013	10.1016/j.antiviral.2013.11.013	DBAASP	endpoint_mismatch		IC50	46.71±3.80	46.71 ± 3.80	not_an_error			裁定: DB值46.71±3.80与原文46.71 ± 3.80仅±两侧空格差异,数值相同,系抽取误报,非真错误 | 原备注: 利用MTT测定测定了Hp1036和Hp1239肽对Vero细胞的细胞毒性。抑制细胞生长50%的Hp1036和Hp1239浓度（CC50）分别为46.71±3.80和26.15±1.91微米。在10 μM浓度下，肽处理的Vero细胞存活率超过90%，表明10 μM或更少肽对Vero细胞的细胞毒性极低（图2A）。因此，该肽浓度被选用于进一步的抗病毒研究。溶血分析结果显示50Hp1036和Hp1239肽的34.91 ± 0.47和33.32 ± 0.96 μM（图2B）。	accepted_with_cautions	source_conflict
R002	medium	doi__10.1016_j.antiviral.2013.11.013:database_audit:3	doi__10.1016_j.antiviral.2013.11.013	10.1016/j.antiviral.2013.11.013	DBAASP	endpoint_mismatch		IC50 I	0.43±0.09	0.43 ± 0.09	confirmed				accepted_with_cautions	source_conflict
R003	medium	doi__10.1016_j.antiviral.2013.11.013:database_audit:5	doi__10.1016_j.antiviral.2013.11.013	10.1016/j.antiviral.2013.11.013	DBAASP	endpoint_mismatch		IC50 E	4.29±0.35	4.29 ± 0.35	confirmed				accepted_with_cautions	source_conflict
R004	medium	doi__10.1016_j.antiviral.2013.11.013:database_audit:7	doi__10.1016_j.antiviral.2013.11.013	10.1016/j.antiviral.2013.11.013	DBAASP	endpoint_mismatch		IC50	26.15±1.91	26.15 ± 1.91	confirmed				accepted_with_cautions	source_conflict
R005	medium	doi__10.1016_j.antiviral.2013.11.013:database_audit:9	doi__10.1016_j.antiviral.2013.11.013	10.1016/j.antiviral.2013.11.013	DBAASP	endpoint_mismatch		IC50 I	0.41±0.06	0.41 ± 0.06	confirmed				accepted_with_cautions	source_conflict
R006	medium	doi__10.1016_j.antiviral.2013.11.013:database_audit:11	doi__10.1016_j.antiviral.2013.11.013	10.1016/j.antiviral.2013.11.013	DBAASP	endpoint_mismatch		IC50 E	4.32±0.47	4.32 ± 0.47	confirmed				accepted_with_cautions	source_conflict
R167	none		doi__10.1021_acsomega.0c01462	10.1021/acsomega.0c01462	CAMP	variant_misattribution	Melanotropin alpha	MIC	11.36 microM	11.36 μM	confirmed					
R168	none		doi__10.1021_acsomega.0c01462	10.1021/acsomega.0c01462	CAMP	variant_misattribution	Melanotropin alpha	MIC	>45.45 microM	>45.45 μM	confirmed					
R166	medium	doi__10.1038_ki.2012.410:database_audit:8	doi__10.1038_ki.2012.410	10.1038/ki.2012.410	DBAASP	endpoint_mismatch		MIC	1.0-1.25	1.0–1.25	confirmed				accepted_with_cautions	source_conflict
R051	medium	doi__10.1038_s41467-020-16950-x:database_audit:8	doi__10.1038_s41467-020-16950-x	10.1038/s41467-020-16950-x	DBAASP	value_mismatch	AA139	MIC	2	0.125	confirmed				accepted_with_cautions	source_conflict
R052	medium	doi__10.1038_s41467-020-16950-x:database_audit:10	doi__10.1038_s41467-020-16950-x	10.1038/s41467-020-16950-x	DBAASP	value_mismatch	AA139	MIC	2	1	confirmed				accepted_with_cautions	source_conflict
R053	medium	doi__10.1038_s41467-020-16950-x:database_audit:28	doi__10.1038_s41467-020-16950-x	10.1038/s41467-020-16950-x	DBAASP	value_mismatch	NZ17125	MIC	8	0.125	confirmed				accepted_with_cautions	source_conflict
R054	medium	doi__10.1038_s41467-020-16950-x:database_audit:30	doi__10.1038_s41467-020-16950-x	10.1038/s41467-020-16950-x	DBAASP	value_mismatch	NZ17125	MIC	64	2	confirmed				accepted_with_cautions	source_conflict
R010	none		doi__10.1038_s42003-022-04385-7	10.1038/s42003-022-04385-7	DRAMP	variant_misattribution	MGS4_V8 (monomer)	EC50	H358=3.9nM; H1993=4nM; H1299=5.8nM; H2009=6.8nM	3.9	confirmed			裁定: 图片重抽表证实该组值(3.9/4/5.8/6.8)属MGS4_V9二聚体,DB错标给V8单体 → variant错配成立 | 原备注: 如何如果你是指MGS4V9他的他在H358这个细胞下的EC五零的话确实是3.9但他这里数据库标注的不是M GS 4V8吗		
R011	none		doi__10.1038_s42003-022-04385-7	10.1038/s42003-022-04385-7	DRAMP	variant_misattribution	MGS4_V8 (monomer)	EC50	H1993=1.5nM; H1299=2.5nM; H2009=3.4nM; H358=3.5nM	1.5	confirmed			裁定: 该组值(1.5/2.5/3.4/3.5)属MGS4_V10四聚体,DB错标给V8单体 → variant错配成立 | 原备注: 好的，我已将图片中的表格数据提取为文本格式。为了清晰起见，我对表头中的一处明显笔误（`H358 Cells` 列下的 `EC50 (mM)` 应为 `EC50 (nM)`，与上下文及数据量级不符）进行了修正，整理如下：  ---  **Table 2. EC50 and peptide uptake of MGS4 in different valencies.**  | Peptide | H1299 Cells | | H2009 Cells | | H358 Cells | | H1993 Cells | | | :--- | :---: | :---: | :---: | :---: | :---: | :---: | :---: | :---: | | | **EC50 (nM)** | **Saturation (molecules)** | **EC50 (nM)** | **Saturation (molecules)** | **EC50 (nM)** | **Saturation (molecules)** | **EC50 (nM)** | **Saturation (molecules)** | | **MGS4_V8 (monomer)** | 38 | 40,400 ± 5,100 | 38 | 40,600 ± 2,630 | 34 | 85,500 ± 39,600 | 37 | 119,000 ± 57,500 | | **MGS4_V9 (dimer)** | 5.8 | 67,900 ± 7,980 | 6.8 | 53,700 ± 7,040 | 3.9 | 99,100 ± 11,800 | 4.0		
R012	none		doi__10.1038_s42003-022-04385-7	10.1038/s42003-022-04385-7	DRAMP	variant_misattribution	MGS4_V9 (dimer)	EC50	H358=34nM; H1993=37nM; H1299=38nM; H2009=38nM	34	confirmed			裁定: 该组值(34/37/38/38)属MGS4_V8单体,DB错标给V9二聚体 → variant错配成立 | 原备注: 好的，我已将图片中的表格数据提取为文本格式。为了清晰起见，我对表头中的一处明显笔误（`H358 Cells` 列下的 `EC50 (mM)` 应为 `EC50 (nM)`，与上下文及数据量级不符）进行了修正，整理如下：  ---  **Table 2. EC50 and peptide uptake of MGS4 in different valencies.**  | Peptide | H1299 Cells | | H2009 Cells | | H358 Cells | | H1993 Cells | | | :--- | :---: | :---: | :---: | :---: | :---: | :---: | :---: | :---: | | | **EC50 (nM)** | **Saturation (molecules)** | **EC50 (nM)** | **Saturation (molecules)** | **EC50 (nM)** | **Saturation (molecules)** | **EC50 (nM)** | **Saturation (molecules)** | | **MGS4_V8 (monomer)** | 38 | 40,400 ± 5,100 | 38 | 40,600 ± 2,630 | 34 | 85,500 ± 39,600 | 37 | 119,000 ± 57,500 | | **MGS4_V9 (dimer)** | 5.8 | 67,900 ± 7,980 | 6.8 | 53,700 ± 7,040 | 3.9 | 99,100 ± 11,800 | 4.0 | 10		
R126	medium	doi__10.1038_srep24684:database_audit:3	doi__10.1038_srep24684	10.1038/srep24684	DBAASP	endpoint_mismatch	Cecropin Px (5-34)	IC50		6.25–12.5	confirmed				accepted_with_cautions	source_conflict
R127	medium	doi__10.1038_srep24684:database_audit:2	doi__10.1038_srep24684	10.1038/srep24684	DBAASP	endpoint_mismatch	Cecropin Px (5-34)	IC50		3.125–6.25	confirmed				accepted_with_cautions	source_verified
R138	medium	doi__10.1039_c8cc05790g:database_audit:7	doi__10.1039_c8cc05790g	10.1039/c8cc05790g	DBAASP	value_mismatch	Octyl Tridecaptin A1 [w5D-Cys, F9Cys]	MIC	6.3	>50	confirmed				accepted_with_cautions	source_conflict
R164	medium	doi__10.1186_s12917-024-04202-9:database_audit:8	doi__10.1186_s12917-024-04202-9	10.1186/s12917-024-04202-9	DBAASP	value_mismatch		MIC		25	confirmed				accepted_with_cautions	source_conflict
R089	none		doi__10.1371_journal.pone.0018550	10.1371/journal.pone.0018550	CAMP	variant_misattribution	MsDef1	IC50	1.3-1.5 microM	1.3–1.5	confirmed					
R017	medium	doi__10.1371_journal.pone.0215227:database_audit:2	doi__10.1371_journal.pone.0215227	10.1371/journal.pone.0215227	DBAASP	endpoint_mismatch		IC50 F	8.0±0.3 µg/ml	8.0 ± 0.3	confirmed				accepted_with_cautions	source_conflict
R018	medium	doi__10.1371_journal.pone.0215227:database_audit:4	doi__10.1371_journal.pone.0215227	10.1371/journal.pone.0215227	DBAASP	endpoint_mismatch		IC50 F	5.3±0.5 µg/ml	5.3 ± 0.5	confirmed				accepted_with_cautions	source_conflict
R019	medium	doi__10.1371_journal.pone.0215227:database_audit:6	doi__10.1371_journal.pone.0215227	10.1371/journal.pone.0215227	DBAASP	endpoint_mismatch		IC50 F	16.9±1.6 µg/ml	16.9 ± 1.6	confirmed				accepted_with_cautions	source_conflict
R020	medium	doi__10.1371_journal.pone.0215227:database_audit:8	doi__10.1371_journal.pone.0215227	10.1371/journal.pone.0215227	DBAASP	endpoint_mismatch		IC50 F	5.4±0.4 µg/ml	5.4 ± 0.4	confirmed				accepted_with_cautions	source_conflict
R021	medium	doi__10.1371_journal.pone.0215227:database_audit:10	doi__10.1371_journal.pone.0215227	10.1371/journal.pone.0215227	DBAASP	endpoint_mismatch		IC50 F	16.5±0.6 µg/ml	16.5 ± 0.6	confirmed				accepted_with_cautions	source_conflict
R022	medium	doi__10.1371_journal.pone.0215227:database_audit:2	doi__10.1371_journal.pone.0215227	10.1371/journal.pone.0215227	DBAASP	endpoint_mismatch		IC50 F	6.1±0.3 µg/ml	6.1 ± 0.3	confirmed				accepted_with_cautions	source_conflict
R023	medium	doi__10.1371_journal.pone.0215227:database_audit:10	doi__10.1371_journal.pone.0215227	10.1371/journal.pone.0215227	DBAASP	endpoint_mismatch		IC50 F	14.0±0.6 µg/ml	14.0 ± 0.6	confirmed				accepted_with_cautions	source_conflict
R024	medium	doi__10.1371_journal.pone.0215227:database_audit:16	doi__10.1371_journal.pone.0215227	10.1371/journal.pone.0215227	DBAASP	endpoint_mismatch		IC50 F	2.6±0.2 µg/ml	2.6 ± 0.2	confirmed				accepted_with_cautions	source_conflict
R025	medium	doi__10.1371_journal.pone.0215227:database_audit:4	doi__10.1371_journal.pone.0215227	10.1371/journal.pone.0215227	DBAASP	endpoint_mismatch		IC50 F	12.8±0.5 µg/ml	12.8 ± 0.5	confirmed				accepted_with_cautions	source_conflict
R026	medium	doi__10.1371_journal.pone.0215227:database_audit:4	doi__10.1371_journal.pone.0215227	10.1371/journal.pone.0215227	DBAASP	endpoint_mismatch		IC50 F	10.6±0.5 µg/ml	10.6 ± 0.5	confirmed				accepted_with_cautions	source_conflict
R027	medium	doi__10.1371_journal.pone.0215227:database_audit:22	doi__10.1371_journal.pone.0215227	10.1371/journal.pone.0215227	DBAASP	endpoint_mismatch		IC50 I	11.4±0.7 µg/ml	11.4 ± 0.7	confirmed				accepted_with_cautions	source_conflict
R029	low	doi__10.3389_fimmu.2022.811378:database_audit:13	doi__10.3389_fimmu.2022.811378	10.3389/fimmu.2022.811378	DBAASP	value_mismatch		MIC	0.05 µg/ml	0.030	confirmed				accepted_with_cautions	source_conflict
R132	low	doi__10.3389_fmicb.2018.00667:database_audit:2	doi__10.3389_fmicb.2018.00667	10.3389/fmicb.2018.00667	DBAASP	variant_misattribution	LyeTxI-b, a Synthetic Peptide Derived From Lycosa erythrognatha Spider Venom, Shows Potent Antibiotic Activity in Vitro and in Vivo.	MIC	10.6 µM	10.6∗	confirmed			"填写：""Table 1 中 LyeTxI-b 对 A. actinomycetemcomitans ATCC 29522 的 MIC 为 11.4 μmol.L⁻¹（本文原创数据）。DB 标注的 10.6 μmol.L⁻¹ 实为母体肽 LyeTxI 的数据，来源于引文 Consuegra et al., 2013（Table 1 脚注 * 标记）。建议将 LyeTxI-b 的 MIC 修正为 11.4 μM，或将 10.6 μM 移至 LyeTxI 条目下。"""	accepted_with_cautions	source_conflict
R133	low	doi__10.3389_fmicb.2018.00667:database_audit:2	doi__10.3389_fmicb.2018.00667	10.3389/fmicb.2018.00667	DBAASP	variant_misattribution	LyeTxI-b, a Synthetic Peptide Derived From Lycosa erythrognatha Spider Venom, Shows Potent Antibiotic Activity in Vitro and in Vivo.	MBC	20.12 µM	20.12∗	confirmed				accepted_with_cautions	source_conflict
R134	low	doi__10.3389_fmicb.2018.00667:database_audit:4	doi__10.3389_fmicb.2018.00667	10.3389/fmicb.2018.00667	DBAASP	variant_misattribution	LyeTxI-b, a Synthetic Peptide Derived From Lycosa erythrognatha Spider Venom, Shows Potent Antibiotic Activity in Vitro and in Vivo.	MIC	10.9 µM	10.9∗∗∗	confirmed				accepted_with_cautions	source_conflict
R135	low	doi__10.3389_fmicb.2018.00667:database_audit:4	doi__10.3389_fmicb.2018.00667	10.3389/fmicb.2018.00667	DBAASP	variant_misattribution	LyeTxI-b, a Synthetic Peptide Derived From Lycosa erythrognatha Spider Venom, Shows Potent Antibiotic Activity in Vitro and in Vivo.	MBC	21.8 µM	21.8∗∗∗	confirmed				accepted_with_cautions	source_conflict
R049	high	doi__10.3389_fmicb.2018.02276:database_audit:41	doi__10.3389_fmicb.2018.02276	10.3389/fmicb.2018.02276	CAMP	value_mismatch	Bacteriocin Plantaricin LPL-1	text	Antibacterial, Antifungal	0	confirmed				accepted_with_cautions	source_conflict
R065	medium	doi__10.3389_fmicb.2018.02846:database_audit:32	doi__10.3389_fmicb.2018.02846	10.3389/fmicb.2018.02846	DBAASP	value_mismatch	Nigrocin-HL (1-14)-F, Nigrocin-HLM	MIC	2.94	47.08/47.08	confirmed				accepted_with_cautions	source_conflict
R066	medium	doi__10.3389_fmicb.2018.02846:database_audit:33	doi__10.3389_fmicb.2018.02846	10.3389/fmicb.2018.02846	DBAASP	value_mismatch	Nigrocin-HL (1-14)-F, Nigrocin-HLM	MBC	5.89	47.08/47.08	confirmed				accepted_with_cautions	source_conflict
R063	medium	doi__10.3390_antibiotics11020243:database_audit:18	doi__10.3390_antibiotics11020243	10.3390/antibiotics11020243	DBAASP	value_mismatch	Kassporin-KS1, QUB-1641	MBC	>128	64/64	confirmed				accepted_with_cautions	source_conflict
R031	low	doi__10.3390_antibiotics9120870:database_audit:21	doi__10.3390_antibiotics9120870	10.3390/antibiotics9120870	CAMP	variant_misattribution	WAMP-2		LCCGKYGFCGSG	LCCGKYGFCGSG	confirmed				accepted_with_cautions	source_conflict
R032	low	doi__10.3390_antibiotics9120870:database_audit:21	doi__10.3390_antibiotics9120870	10.3390/antibiotics9120870	CAMP	variant_misattribution	WAMP-2		GKGSCQSQCRGCR	GKGSCQSQCRGCR	confirmed				accepted_with_cautions	source_conflict
R033	low	doi__10.3390_antibiotics9120870:database_audit:21	doi__10.3390_antibiotics9120870	10.3390/antibiotics9120870	CAMP	variant_misattribution	WAMP-2		AQRCGDQARGAKC	AQRCGDQARGAKC	confirmed				accepted_with_cautions	source_conflict
R034	low	doi__10.3390_antibiotics9120870:database_audit:21	doi__10.3390_antibiotics9120870	10.3390/antibiotics9120870	CAMP	variant_misattribution	WAMP-2		CCGKYGFCGSGDAYC	CCGKYGFCGSGDAYC	confirmed				accepted_with_cautions	source_conflict
R064	medium	doi__10.3390_ijms24043951:database_audit:144	doi__10.3390_ijms24043951	10.3390/ijms24043951	DBAASP	endpoint_mismatch		MIC	36.26	36.26	confirmed				accepted_with_cautions	source_conflict
R036	medium	doi__10.3390_md12020871:database_audit:8	doi__10.3390_md12020871	10.3390/md12020871	DBAASP	endpoint_mismatch		IC50	14.9	14.9	confirmed				accepted_with_cautions	source_conflict
R037	medium	doi__10.3390_md12020871:database_audit:9	doi__10.3390_md12020871	10.3390/md12020871	DBAASP	endpoint_mismatch		IC50	11.4	11.4	confirmed				accepted_with_cautions	source_conflict
R038	medium	doi__10.3390_md12020871:database_audit:10	doi__10.3390_md12020871	10.3390/md12020871	DBAASP	endpoint_mismatch		IC50	10.8	10.8	confirmed				accepted_with_cautions	source_conflict
R039	medium	doi__10.3390_md12020871:database_audit:11	doi__10.3390_md12020871	10.3390/md12020871	DBAASP	endpoint_mismatch		IC50	11.2	11.2	confirmed				accepted_with_cautions	source_conflict
R040	medium	doi__10.3390_md12020871:database_audit:12	doi__10.3390_md12020871	10.3390/md12020871	DBAASP	endpoint_mismatch		IC50	11.8	11.8	confirmed				accepted_with_cautions	source_conflict
R041	medium	doi__10.3390_md12020871:database_audit:13	doi__10.3390_md12020871	10.3390/md12020871	DBAASP	endpoint_mismatch		IC50	11.5	11.5	confirmed				accepted_with_cautions	source_conflict
R178	high	doi__10.1007_s12602-025-10542-1:database_audit:157	doi__10.1007_s12602-025-10542-1	10.1007/s12602-025-10542-1	DBAASP	value_mismatch	Bombinin-H2L/BH2LS [V9K,G10K]	MBC	32	4/4	confirmed				accepted_with_cautions	source_conflict
R047	medium	doi__10.1016_j.antiviral.2013.11.013:database_audit:63	doi__10.1016_j.antiviral.2013.11.013	10.1016/j.antiviral.2013.11.013	dbAMP	endpoint_mismatch		text		0.43 ± 0.09	confirmed				accepted_with_cautions	source_conflict
R048	medium	doi__10.1016_j.antiviral.2013.11.013:database_audit:64	doi__10.1016_j.antiviral.2013.11.013	10.1016/j.antiviral.2013.11.013	dbAMP	endpoint_mismatch		text		0.41 ± 0.06	confirmed				accepted_with_cautions	source_conflict
R007	medium	doi__10.1021_acs.jmedchem.3c00460:database_audit:8	doi__10.1021_acs.jmedchem.3c00460	10.1021/acs.jmedchem.3c00460	DBAASP	value_mismatch	HP3	MIC	2 µg/ml	4	confirmed				accepted_with_cautions	source_verified
R042	medium	doi__10.1021_acs.jmedchem.3c00460:database_audit:56	doi__10.1021_acs.jmedchem.3c00460	10.1021/acs.jmedchem.3c00460	DBAASP	value_mismatch	dln69	IC50	6	8	confirmed				accepted_with_cautions	source_conflict
R043	medium	doi__10.1021_acs.jmedchem.3c00460:database_audit:105	doi__10.1021_acs.jmedchem.3c00460	10.1021/acs.jmedchem.3c00460	DBAASP	value_mismatch	HP3	IC50	5	8	confirmed				accepted_with_cautions	source_conflict
R044	medium	doi__10.1021_acs.jmedchem.3c00460:database_audit:25	doi__10.1021_acs.jmedchem.3c00460	10.1021/acs.jmedchem.3c00460	DBAASP	value_mismatch	ln69	IC50	20	45	confirmed				accepted_with_cautions	source_conflict
R045	medium	doi__10.1021_acs.jmedchem.3c00460:database_audit:42	doi__10.1021_acs.jmedchem.3c00460	10.1021/acs.jmedchem.3c00460	DBAASP	value_mismatch	dln69	IC50	80	87	confirmed				accepted_with_cautions	source_conflict
R179	medium	doi__10.1021_acs.jmedchem.3c00460:database_audit:31	doi__10.1021_acs.jmedchem.3c00460	10.1021/acs.jmedchem.3c00460	DBAASP	value_mismatch	HP3	MIC	2	4	confirmed				accepted_with_cautions	source_verified
R095	none		doi__10.1021_acs.jmedchem.7b01732	10.1021/acs.jmedchem.7b01732	CAMP	endpoint_mismatch		IC50 F	>50 μM	>50	confirmed					
R096	none		doi__10.1021_acs.jmedchem.7b01732	10.1021/acs.jmedchem.7b01732	CAMP	endpoint_mismatch	P21S2	IC50 F	3.9 ± 1.1 μM; 10.9 ± 1.1 μM	3.90 ± 1.1	confirmed					
R097	none		doi__10.1021_acs.jmedchem.7b01732	10.1021/acs.jmedchem.7b01732	CAMP	endpoint_mismatch	P21S4	IC50 F	7.14 ± 0.7 μM; 8.21 ± 0.9 μM	7.14 ± 0.7	confirmed					
R098	none		doi__10.1021_acs.jmedchem.7b01732	10.1021/acs.jmedchem.7b01732	CAMP	endpoint_mismatch	P21S5	IC50 F	10.7 ± 2.6 μM; 4.49 ± 0.6 μM	10.7 ± 2.6	confirmed					
R099	none		doi__10.1021_acs.jmedchem.7b01732	10.1021/acs.jmedchem.7b01732	CAMP	endpoint_mismatch	P21S8	IC50 F	0.26 ± 0.05 μM	0.26 ± 0.05	confirmed					
R100	none		doi__10.1021_acs.jmedchem.7b01732	10.1021/acs.jmedchem.7b01732	CAMP	endpoint_mismatch	P21S10	IC50 F	0.33 ± 0.04 μM	0.33 ± 0.04	confirmed					
R101	none		doi__10.1021_acs.jmedchem.7b01732	10.1021/acs.jmedchem.7b01732	CAMP	endpoint_mismatch	P21S9	IC50 F	14.1 ± 2.3 μM; 10.9 ± 1 μM	14.1 ± 2.3	confirmed					
R102	none		doi__10.1021_acs.jmedchem.7b01732	10.1021/acs.jmedchem.7b01732	CAMP	endpoint_mismatch	P21S8Z	IC50 F	0.63 ± 0.05 μM	0.63 ± 0.05	confirmed					
R103	none		doi__10.1021_acs.jmedchem.7b01732	10.1021/acs.jmedchem.7b01732	CAMP	endpoint_mismatch	P21S8F	IC50 F	2.16 ± 1.1 μM	2.16 ± 1.1	confirmed					
R104	none		doi__10.1021_acs.jmedchem.7b01732	10.1021/acs.jmedchem.7b01732	CAMP	endpoint_mismatch	P21S8ZF	IC50 F	3.89 ± 0.8 μM	3.89 ± 0.8	confirmed					
R105	none		doi__10.1021_acs.jmedchem.7b01732	10.1021/acs.jmedchem.7b01732	CAMP	endpoint_mismatch	HR2P-M2	IC50 F	0.75 ± 0.09 μM	0.75 ± 0.09	confirmed					
R174	high	doi__10.1021_acsinfecdis.2c00307:database_audit:1	doi__10.1021_acsinfecdis.2c00307	10.1021/acsinfecdis.2c00307	DBAASP	value_mismatch	Polymyxin B4	MIC	1.0625	0.25	confirmed				accepted_with_cautions	source_conflict
R180	medium	doi__10.1038_s41467-020-16950-x:database_audit:44	doi__10.1038_s41467-020-16950-x	10.1038/s41467-020-16950-x	DBAASP	value_mismatch	Arenicin-3 [V6,8A;Y9K;V13L], NZ17126	MIC	0.5	0.125	confirmed				accepted_with_cautions	source_conflict
R181	medium	doi__10.1038_s41467-020-16950-x:database_audit:47	doi__10.1038_s41467-020-16950-x	10.1038/s41467-020-16950-x	DBAASP	value_mismatch	Arenicin-3 [V6,8A;Y9K;V13L], NZ17126	MIC	16	1	confirmed				accepted_with_cautions	source_conflict
R182	none		doi__10.1038_s41598-017-16784-6	10.1038/s41598-017-16784-6	dbAMP	value_mismatch		MIC	8 μM	4.43	confirmed					
R008	low	doi__10.1038_s41598-018-37630-3:database_audit:157	doi__10.1038_s41598-018-37630-3	10.1038/s41598-018-37630-3	CAMP	variant_misattribution	Temporin B L1FK	MIC in MHB	128 microg/ml	128	confirmed				accepted_with_cautions	source_conflict
R009	low	doi__10.1038_s41598-018-37630-3:database_audit:158	doi__10.1038_s41598-018-37630-3	10.1038/s41598-018-37630-3	CAMP	variant_misattribution	Temporin B KKG6A	MIC in MHB	32 microg/ml	32	confirmed				accepted_with_cautions	source_conflict
R090	medium	doi__10.1038_s41598-019-50061-y:database_audit:28	doi__10.1038_s41598-019-50061-y	10.1038/s41598-019-50061-y	DBAASP	endpoint_mismatch		MFC		30.33	confirmed				accepted_with_cautions	source_conflict
R183	medium	doi__10.1038_s41598-022-16303-2:database_audit:11	doi__10.1038_s41598-022-16303-2	10.1038/s41598-022-16303-2	DBAASP	endpoint_mismatch		50% Hemolysis	145	145	confirmed				accepted_with_cautions	source_conflict
R184	medium	doi__10.1038_s41598-022-16303-2:database_audit:15	doi__10.1038_s41598-022-16303-2	10.1038/s41598-022-16303-2	DBAASP	endpoint_mismatch		50% Hemolysis	24.62	24.62	confirmed				accepted_with_cautions	source_conflict
R068	none		doi__10.1038_srep24000	10.1038/srep24000	DRAMP	value_mismatch	[TOAC1] TG	EC50	T67=2; HeLa=8; HDF=5	1	confirmed					
R069	none		doi__10.1038_srep24000	10.1038/srep24000	DRAMP	value_mismatch	[TOAC1] TG	EC50	T67=8; HeLa=n.t.; HDF=5	1	confirmed					
R070	none		doi__10.1038_srep24000	10.1038/srep24000	DRAMP	value_mismatch	[TOAC1] TG	EC50	T67=13; HeLa=n.t.; HDF=5	1	confirmed					
R071	none		doi__10.1038_srep24000	10.1038/srep24000	DRAMP	value_mismatch	[TOAC1, Lys6] TG	EC50	HeLa=2; T67=4; HDF=5	1	confirmed					
R072	none		doi__10.1038_srep24000	10.1038/srep24000	DRAMP	value_mismatch	[Arg2] TG	EC50	T67=8; HeLa=9; HDF=8	4	confirmed					
R073	none		doi__10.1038_srep24000	10.1038/srep24000	DRAMP	value_mismatch	[TOAC1, Api4] TG	EC50	T67=13; HeLa=n.t.; HDF=n.t.	8	confirmed					
R185	none		doi__10.1038_srep24000	10.1038/srep24000	DRAMP	value_mismatch	[TOAC1, Lys6] TG	EC50	4 μM (T67), 2 μM (HeLa), 5 μM (HDF)	1	confirmed					
R186	none		doi__10.1038_srep24000	10.1038/srep24000	DRAMP	value_mismatch	[Arg2] TG	EC50	9 μM	4	confirmed					
R187	none		doi__10.1038_srep24000	10.1038/srep24000	DRAMP	value_mismatch	[TOAC1, Arg2] TG	EC50	4 μM	9	confirmed					
R188	none		doi__10.1038_srep24000	10.1038/srep24000	DRAMP	value_mismatch	[TOAC1, Api4] TG	EC50	13 μM (T67)	8	confirmed					
R128	medium	doi__10.1038_srep24684:database_audit:2	doi__10.1038_srep24684	10.1038/srep24684	DBAASP	endpoint_mismatch	Daphnia Lactotransferrin	IC50		NA	confirmed				accepted_with_cautions	source_verified
R129	low	doi__10.1038_srep24684:database_audit:21	doi__10.1038_srep24684	10.1038/srep24684	CAMP	variant_misattribution	Daphnia Lactotransferrin	IC50	50-100 microM	50–100*	confirmed				accepted_with_cautions	source_conflict
R130	low	doi__10.1038_srep24684:database_audit:21	doi__10.1038_srep24684	10.1038/srep24684	CAMP	endpoint_mismatch	Cecropin Px	IC50	6.25-12.5 microM / 3.125-6.25 microM	6.25–12.5	confirmed				accepted_with_cautions	source_conflict
R131	low	doi__10.1038_srep24684:database_audit:21	doi__10.1038_srep24684	10.1038/srep24684	CAMP	endpoint_mismatch	Defensin Bm	IC50	50-100 microM (ATCC 8739)	50–100*	confirmed				accepted_with_cautions	source_conflict
R144	medium	doi__10.1038_srep26077:database_audit:1	doi__10.1038_srep26077	10.1038/srep26077	DBAASP	variant_misattribution	SET-M33	MIC50	1.4	1.4	confirmed				accepted_with_cautions	source_conflict
R145	medium	doi__10.1038_srep26077:database_audit:4	doi__10.1038_srep26077	10.1038/srep26077	DBAASP	variant_misattribution	SET-M33	MIC90	2.8	2.8	confirmed				accepted_with_cautions	source_conflict
R142	none		doi__10.1038_srep39925	10.1038/srep39925	CAMP	variant_misattribution	Piscidin 1	sequence	FFHHIFRGIVHVGKKIHRLVKG	X-FFHHIFRGIVHVGKKIHRLVKG–amide	confirmed					
R143	none		doi__10.1038_srep39925	10.1038/srep39925	CAMP	variant_misattribution	Piscidin 1	sequence	FFHHIFRGIVHVGKKIHRLVTG	X-FFHHIFRGIVHVGKKIHRLVTG–amide	confirmed					
R162	none		doi__10.1038_srep44278	10.1038/srep44278	CAMP	value_mismatch		MIC	16 μM	14	confirmed					
R163	none		doi__10.1038_srep44278	10.1038/srep44278	dbAMP	value_mismatch		MIC	8 μg/ml	>128	confirmed					
R169	medium	doi__10.1039_d1sc01713f:database_audit:91	doi__10.1039_d1sc01713f	10.1039/d1sc01713f	DBAASP	value_mismatch		MIC	16-32	>64	confirmed				accepted_with_cautions	source_conflict
R122	high	doi__10.1039_d4md00383g:database_audit:83	doi__10.1039_d4md00383g	10.1039/d4md00383g	DBAASP	value_mismatch		MIC	2.1	5.1	confirmed				accepted_with_cautions	source_conflict
R123	high	doi__10.1039_d4md00383g:database_audit:102	doi__10.1039_d4md00383g	10.1039/d4md00383g	DBAASP	value_mismatch		MIC	3.7	NA	confirmed				accepted_with_cautions	source_conflict
R189	none		doi__10.1042_bsr20180710	10.1042/bsr20180710	DRAMP	value_mismatch		MIC/MBC	P. aeruginosa MIC= μM, MBC= μM (blank); others as R2PLx-22	>512/>512	confirmed					
R190	none		doi__10.1042_bsr20180710	10.1042/bsr20180710	DRAMP	value_mismatch		MIC/MBC	P. aeruginosa MIC blank, others as R2PLx-22 (µ encoded as ¦ÌM)	>512/>512	confirmed					
R191	none		doi__10.1042_bsr20180710	10.1042/bsr20180710	CAMP	value_mismatch		MIC	256 μM	512/>512	confirmed					
R146	medium	doi__10.1111_1462-2920.15145:database_audit:2	doi__10.1111_1462-2920.15145	10.1111/1462-2920.15145	DBAASP	value_mismatch		MIC	4	0.5	confirmed				accepted_with_cautions	source_conflict
R147	medium	doi__10.1111_1462-2920.15145:database_audit:9	doi__10.1111_1462-2920.15145	10.1111/1462-2920.15145	DBAASP	value_mismatch		MIC	8	2	confirmed				accepted_with_cautions	source_conflict
R106	none		doi__10.1128_mbio.00226-19	10.1128/mbio.00226-19	DRAMP	value_mismatch	Antibacterial Properties and Efficacy of a Novel SPLUNC1-Derived Antimicrobial Peptide, α6-Short, in a Murine Model of Respiratory Infection	MIC	1	2	confirmed					
R155	medium	doi__10.1128_spectrum.01050-24:database_audit:4	doi__10.1128_spectrum.01050-24	10.1128/spectrum.01050-24	DBAASP	value_mismatch		MIC	4-8	2 (1)	confirmed				accepted_with_cautions	source_conflict
R156	medium	doi__10.1128_spectrum.01050-24:database_audit:5	doi__10.1128_spectrum.01050-24	10.1128/spectrum.01050-24	DBAASP	value_mismatch		MBC	4-8	16 (8.2)	confirmed				accepted_with_cautions	source_conflict
R120	low	doi__10.1155_2012_349427:database_audit:17	doi__10.1155_2012_349427	10.1155/2012_349427	CAMP	endpoint_mismatch	Tat peptide	IC50 REP	94 µg/ml	0.094 mg/mL	confirmed				accepted_with_cautions	source_conflict
R013	medium	doi__10.1155_2015_909870:database_audit:2	doi__10.1155_2015_909870	10.1155/2015_909870	DBAASP	value_mismatch	Pac-525	MIC		0.125	confirmed				accepted_with_cautions	source_conflict
R014	medium	doi__10.1155_2015_909870:database_audit:5	doi__10.1155_2015_909870	10.1155/2015_909870	DBAASP	value_mismatch	Pac-525	MBC		0.5	confirmed				accepted_with_cautions	source_conflict
R015	medium	doi__10.1155_2015_909870:database_audit:8	doi__10.1155_2015_909870	10.1155/2015_909870	DBAASP	endpoint_mismatch	KSL	-		—	confirmed				accepted_with_cautions	source_conflict
R150	none		doi__10.1155_2018_5252891	10.1155/2018_5252891	DRAMP	variant_misattribution	LfcinB(20-25)	MIC; MBC	100 μg/ml; 199 μg/ml	100 (50)	confirmed					
R175	none		doi__10.1186_s12917-020-02620-z	10.1186/s12917-020-02620-z	CAMP	value_mismatch	Lfcin-B	MIC50, MIC90, MBC	T.pyogenes MIC50=7.8, ATCC19411 MIC90=7.8, isolate MIC90=15.6, all MBC=15.6; E.coli MIC50/MIC90/MBC=125 µg/mL	3.9 (1.2)	confirmed					
R016	medium	doi__10.1186_s13568-020-01139-8:database_audit:4	doi__10.1186_s13568-020-01139-8	10.1186/s13568-020-01139-8	DBAASP	value_mismatch	LSEI_2135 (53-68), LHH1	MIC		> 256	confirmed				accepted_with_cautions	source_conflict
R192	none		doi__10.1186_s40409-017-0130-y	10.1186/s40409-017-0130-y	dbAMP	value_mismatch	xylopin	MIC	3.75μM	7.5	confirmed					
R081	none		doi__10.1371_journal.pone.0018550	10.1371/journal.pone.0018550	CAMP	variant_misattribution	MsDef1	IC50	>96 microM	2–4	confirmed					
R082	none		doi__10.1371_journal.pone.0018550	10.1371/journal.pone.0018550	CAMP	variant_misattribution	MtDef4	IC50	4 microM	0.75–1	confirmed					
R083	none		doi__10.1371_journal.pone.0018550	10.1371/journal.pone.0018550	CAMP	variant_misattribution	MtDef4	IC50	>96 microM	0.75–1	confirmed					
R084	none		doi__10.1371_journal.pone.0018550	10.1371/journal.pone.0018550	CAMP	variant_misattribution	MsDef1	IC50	>48 microM	2–4	confirmed					
R085	none		doi__10.1371_journal.pone.0018550	10.1371/journal.pone.0018550	CAMP	variant_misattribution	MsDef1	IC50	>192 microM	2–4	confirmed					
R086	none		doi__10.1371_journal.pone.0018550	10.1371/journal.pone.0018550	CAMP	variant_misattribution	MtDef4	IC50	>48 microM	0.75–1	confirmed					
R087	none		doi__10.1371_journal.pone.0018550	10.1371/journal.pone.0018550	CAMP	variant_misattribution	MtDef4	IC50	3 microM	0.75–1	confirmed					
R088	none		doi__10.1371_journal.pone.0018550	10.1371/journal.pone.0018550	CAMP	variant_misattribution	MsDef1	IC50	14 microM	2–4	confirmed					
R077	none		doi__10.1371_journal.pone.0058997	10.1371/journal.pone.0058997	CAMP	value_mismatch		MIC (text listing)	B. subtilis ATCC 62037 MIC=2 µg/ml	0.5	confirmed					
R107	none		doi__10.1371_journal.pone.0114605	10.1371/journal.pone.0114605	CAMP	variant_misattribution	PMAP-36	MIC text bundle	see subject text	256	confirmed					
R108	none		doi__10.1371_journal.pone.0114605	10.1371/journal.pone.0114605	CAMP	variant_misattribution	PMAP-36	MIC text bundle	see subject text	128	confirmed					
R109	none		doi__10.1371_journal.pone.0114605	10.1371/journal.pone.0114605	CAMP	variant_misattribution	PMAP-36	MIC text bundle	see subject text	64	confirmed					
R110	none		doi__10.1371_journal.pone.0114605	10.1371/journal.pone.0114605	CAMP	variant_misattribution	PMAP-36	MIC/MBC/LC text bundle	see subject text	2	confirmed					
R148	none		doi__10.1371_journal.pone.0162007	10.1371/journal.pone.0162007	CAMP	variant_misattribution	Warnericin RK	LD50	5.39 µM	5.39	confirmed					
R149	none		doi__10.1371_journal.pone.0162007	10.1371/journal.pone.0162007	CAMP	variant_misattribution	Warnericin RK	LD50	8.79 µM	8.79	confirmed					
R075	medium	doi__10.1371_journal.pone.0203451:database_audit:104	doi__10.1371_journal.pone.0203451	10.1371/journal.pone.0203451	dbAMP	value_mismatch	Citrus-amp2	text		93.75 ± 8.84	confirmed				accepted_with_cautions	source_conflict
R076	medium	doi__10.1371_journal.pone.0203451:database_audit:105	doi__10.1371_journal.pone.0203451	10.1371/journal.pone.0203451	dbAMP	value_mismatch	Citrus-amp1	text		94.50 ± 7.85	confirmed				accepted_with_cautions	source_conflict
R028	medium	doi__10.1371_journal.pone.0215227:database_audit:46	doi__10.1371_journal.pone.0215227	10.1371/journal.pone.0215227	CAMP	endpoint_mismatch		IC50 F text	16.9+-1.6; 16.5+-0.6; 14.0+-0.6; 10.6+-0.5 microg/ml	16.9 ± 1.6	confirmed				accepted_with_cautions	source_conflict
R176	high	doi__10.2147_idr.s204626:database_audit:55	doi__10.2147_idr.s204626	10.2147/idr.s204626	dbAMP	value_mismatch		MIC	AntiGram + AntiGram - MammalianCells	3 µM	confirmed				accepted_with_cautions	source_conflict
R152	high	doi__10.2147_ijn.s180040:database_audit:1	doi__10.2147_ijn.s180040	10.2147/ijn.s180040	DBAASP	value_mismatch		MIC	0.375	2	confirmed				accepted_with_cautions	source_conflict
R153	high	doi__10.2147_ijn.s180040:database_audit:2	doi__10.2147_ijn.s180040	10.2147/ijn.s180040	DBAASP	value_mismatch		MIC	0.5	4	confirmed				accepted_with_cautions	source_conflict
R154	medium	doi__10.2147_ijn.s180040:database_audit:4	doi__10.2147_ijn.s180040	10.2147/ijn.s180040	DBAASP	value_mismatch		MIC	0.125-2	4	confirmed				accepted_with_cautions	source_conflict
R067	medium	doi__10.3389_fchem.2020.616147:database_audit:72	doi__10.3389_fchem.2020.616147	10.3389/fchem.2020.616147	DRAMP	value_mismatch	A4K14-citropin 1.1-Sp7	IC50	12.1/14.72/16.37/35.84	10.23	confirmed				accepted_with_cautions	source_conflict
R170	none		doi__10.3389_fcimb.2019.00048	10.3389/fcimb.2019.00048	CAMP	variant_misattribution	Plectasin-derived peptide NZ2114	MIC	0.028 microM (and multiple others)	0.028	confirmed					
R158	none		doi__10.3389_fmicb.2016.02006	10.3389/fmicb.2016.02006	CAMP	value_mismatch		MIC	25 µM	22 ± 1	confirmed					
R159	none		doi__10.3389_fmicb.2017.00761	10.3389/fmicb.2017.00761	CAMP	value_mismatch	KF2	MIC		30.64	confirmed					
R160	none		doi__10.3389_fmicb.2017.00761	10.3389/fmicb.2017.00761	CAMP	value_mismatch	KF1	MIC		—	confirmed					
R161	none		doi__10.3389_fmicb.2017.00761	10.3389/fmicb.2017.00761	CAMP	value_mismatch	KF4	MIC		19.33	confirmed					
R151	none		doi__10.3389_fmicb.2019.01688	10.3389/fmicb.2019.01688	CAMP	value_mismatch	LL-37	MIC	multiple	28.5 [128]	confirmed					
R119	low	doi__10.3389_fmicb.2019.02593:database_audit:255	doi__10.3389_fmicb.2019.02593	10.3389/fmicb.2019.02593	CAMP	value_mismatch	Bactenecin-1	text		>256	confirmed				accepted_with_cautions	source_conflict
R030	medium	doi__10.3389_fmicb.2020.573614:database_audit:9	doi__10.3389_fmicb.2020.573614	10.3389/fmicb.2020.573614	DBAASP	value_mismatch	Lantibiotic Nisin-H	MIC	0.56 µM	1.56	confirmed				accepted_with_cautions	source_conflict
R165	none		doi__10.3389_fphar.2018.01501	10.3389/fphar.2018.01501	dbAMP	variant_misattribution	ChMAP-28	IC50	4.82±1.01 μM	4.82 ± 1.01	confirmed					
R121	medium	doi__10.3390_antibiotics11081048:database_audit:17	doi__10.3390_antibiotics11081048	10.3390/antibiotics11081048	DBAASP	endpoint_mismatch		MFC	256	128/256	confirmed				accepted_with_cautions	source_conflict
R056	high	doi__10.3390_antibiotics13070574:database_audit:35	doi__10.3390_antibiotics13070574	10.3390/antibiotics13070574	DBAASP	variant_misattribution	Nigrosin-6VL	FICI	>4	>4	confirmed				accepted_with_cautions	source_conflict
R057	high	doi__10.3390_antibiotics13070574:database_audit:39	doi__10.3390_antibiotics13070574	10.3390/antibiotics13070574	DBAASP	variant_misattribution	Nigrosin-6VL	FICI	1.25	1.25	confirmed				accepted_with_cautions	source_conflict
R058	high	doi__10.3390_antibiotics13070574:database_audit:40	doi__10.3390_antibiotics13070574	10.3390/antibiotics13070574	DBAASP	variant_misattribution	Nigrosin-6VL	FICI	1	1	confirmed				accepted_with_cautions	source_conflict
R059	high	doi__10.3390_antibiotics13070574:database_audit:42	doi__10.3390_antibiotics13070574	10.3390/antibiotics13070574	DBAASP	variant_misattribution	Nigrosin-6VL	FICI	0.1875	0.1875	confirmed				accepted_with_cautions	source_conflict
R060	high	doi__10.3390_antibiotics13070574:database_audit:51	doi__10.3390_antibiotics13070574	10.3390/antibiotics13070574	DBAASP	variant_misattribution	Nigrosin-6VL	FICI	0.3125	0.3125	confirmed				accepted_with_cautions	source_conflict
R061	medium	doi__10.3390_antibiotics13070574:database_audit:53	doi__10.3390_antibiotics13070574	10.3390/antibiotics13070574	DBAASP	variant_misattribution	Nigrosin-6VL	FICI	0.5	0.5	confirmed				accepted_with_cautions	source_conflict
R062	medium	doi__10.3390_antibiotics13070574:database_audit:59	doi__10.3390_antibiotics13070574	10.3390/antibiotics13070574	DBAASP	variant_misattribution	Nigrosin-6VL	FICI	0.625	0.625	confirmed				accepted_with_cautions	source_conflict
R078	medium	doi__10.3390_antibiotics9050243:database_audit:17	doi__10.3390_antibiotics9050243	10.3390/antibiotics9050243	DBAASP	endpoint_mismatch	DRP-AC4a	10-20% Hemolysis	14.49	14.49	confirmed				accepted_with_cautions	source_conflict
R079	medium	doi__10.3390_antibiotics9050243:database_audit:33	doi__10.3390_antibiotics9050243	10.3390/antibiotics9050243	DBAASP	endpoint_mismatch	DRP-AC4b	10-20% Hemolysis	21.53	21.53	confirmed				accepted_with_cautions	source_conflict
R080	none		doi__10.3390_antibiotics9050243	10.3390/antibiotics9050243	CAMP	variant_misattribution	Dermaseptin-AC4	MIC/MBC	multiple (see text)	8/16	confirmed					
R111	medium	doi__10.3390_antibiotics9090627:database_audit:11	doi__10.3390_antibiotics9090627	10.3390/antibiotics9090627	DBAASP	value_mismatch		MIC	32	4/8	confirmed				accepted_with_cautions	source_conflict
R112	medium	doi__10.3390_antibiotics9090627:database_audit:12	doi__10.3390_antibiotics9090627	10.3390/antibiotics9090627	DBAASP	value_mismatch		MIC	64	8/16	not_an_error			64	accepted_with_cautions	source_conflict
R113	low	doi__10.3390_biom8040122:database_audit:1	doi__10.3390_biom8040122	10.3390/biom8040122	DBAASP	endpoint_mismatch		µg/ml	0.129-0.254	0.129–0.254	confirmed				accepted_with_cautions	source_conflict
R114	low	doi__10.3390_biom8040122:database_audit:2	doi__10.3390_biom8040122	10.3390/biom8040122	DBAASP	endpoint_mismatch		µg/ml	0.133-0.258	0.133–0.258	confirmed				accepted_with_cautions	source_conflict
R115	low	doi__10.3390_biom8040122:database_audit:3	doi__10.3390_biom8040122	10.3390/biom8040122	DBAASP	endpoint_mismatch		µg/ml	0.375-0.500	0.375–0.500	confirmed				accepted_with_cautions	source_conflict
R116	low	doi__10.3390_biom8040122:database_audit:4	doi__10.3390_biom8040122	10.3390/biom8040122	DBAASP	endpoint_mismatch		µg/ml	0.625-0.750	0.625–0.750	confirmed				accepted_with_cautions	source_conflict
R117	low	doi__10.3390_biom8040122:database_audit:5	doi__10.3390_biom8040122	10.3390/biom8040122	DBAASP	endpoint_mismatch		µg/ml	0.516	0.516	confirmed				accepted_with_cautions	source_conflict
R118	low	doi__10.3390_biom8040122:database_audit:6	doi__10.3390_biom8040122	10.3390/biom8040122	DBAASP	endpoint_mismatch		µg/ml	0.281-0.531	0.281–0.531	confirmed				accepted_with_cautions	source_conflict
R035	medium	doi__10.3390_biomedicines8070185:database_audit:8	doi__10.3390_biomedicines8070185	10.3390/biomedicines8070185	DBAASP	variant_misattribution	Mp2a-Mp2b	LD50	>0.6 µM	> 600	confirmed				accepted_with_cautions	source_conflict
R124	none		doi__10.3390_ijms20174184	10.3390/ijms20174184	CAMP	value_mismatch		MIC	4 microM	1	confirmed					
R125	none		doi__10.3390_ijms20174184	10.3390/ijms20174184	CAMP	value_mismatch		MIC	4-8 microM	1–2	confirmed					
R177	none		doi__10.3390_ijms23158269	10.3390/ijms23158269	APD6	value_mismatch	MP-[Lys2, Ile4] RIP (inferred: 90.48% similar to MP-RIP, confirmed by sequence diff at pos 16 S→K and pos 18 W→I = 2/21 mismatches)	MIC	109.8 uM	27.8	confirmed					
R046	none		doi__10.3390_ijms232113316	10.3390/ijms232113316	APD6	endpoint_mismatch	RLRAPPPFHKRCVCLCRTAPPP	MIC	6-12 uM	6–12	confirmed					
R091	medium	doi__10.3390_jof7060457:database_audit:3	doi__10.3390_jof7060457	10.3390/jof7060457	DBAASP	value_mismatch		IC90	7.2	1.8	confirmed				accepted_with_cautions	source_conflict
R092	medium	doi__10.3390_jof7060457:database_audit:4	doi__10.3390_jof7060457	10.3390/jof7060457	DBAASP	value_mismatch		IC90	3.6	1.8	confirmed				accepted_with_cautions	source_conflict
R093	medium	doi__10.3390_jof7060457:database_audit:12	doi__10.3390_jof7060457	10.3390/jof7060457	DBAASP	value_mismatch		IC90	28.8	1.8	confirmed				accepted_with_cautions	source_conflict
R094	medium	doi__10.3390_jof7060457:database_audit:13	doi__10.3390_jof7060457	10.3390/jof7060457	DBAASP	value_mismatch		IC90	14.4	1.8	confirmed				accepted_with_cautions	source_conflict
R171	none		doi__10.3390_md9010071	10.3390/md9010071	dbAMP	value_mismatch	Cyclotetrapeptide	MIC	250μg/ml	20(6)	confirmed					
R055	none		doi__10.3390_molecules18010859	10.3390/molecules18010859	DRAMP	value_mismatch	L5K5W model peptide (profile = W11)	MIC	8	4	confirmed					
R172	none		doi__10.3390_molecules21020225	10.3390/molecules21020225	CAMP	value_mismatch	FA1	MIC	>50 µg/mL	25	confirmed					
R173	none		doi__10.3390_molecules21020225	10.3390/molecules21020225	dbAMP	value_mismatch	Pin2[14]	MIC	25 µM	>50	confirmed					
R139	none		doi__10.3390_molecules22091428	10.3390/molecules22091428	CAMP	variant_misattribution	Phylloseptin-PHa	MIC	8; 8; 32; 32; 4 µg/mL	8/4.14	confirmed					
R140	none		doi__10.3390_molecules22091428	10.3390/molecules22091428	CAMP	variant_misattribution	Phylloseptin-PTa	MIC	64; 64; 512; >512; 256 µg/mL	64/32.97	confirmed					
R141	none		doi__10.3390_molecules22091428	10.3390/molecules22091428	dbAMP	variant_misattribution	Phylloseptin-PT (Phyllomedusa tarsius)	MIC; IC50	8; 32; 4; 32; 8 µg/mL; 6.73 µM	8/4.14	confirmed					
R074	none		doi__10.3390_molecules24061121	10.3390/molecules24061121	CAMP	value_mismatch	15	MIC	15	4	confirmed					
R136	medium	doi__10.3390_molecules29071534:database_audit:3	doi__10.3390_molecules29071534	10.3390/molecules29071534	DBAASP	endpoint_mismatch	Brevinin-1BW	MBEC50		6.25	confirmed				accepted_with_cautions	source_conflict
R137	medium	doi__10.3390_molecules29071534:database_audit:7	doi__10.3390_molecules29071534	10.3390/molecules29071534	DBAASP	endpoint_mismatch	Brevinin-1BW	50% Hemolysis		33.99 ± 0.48	confirmed				accepted_with_cautions	source_conflict
R157	none		doi__10.3390_ph7050502	10.3390/ph7050502	dbAMP	value_mismatch		MIC	multiple	5	confirmed					
R050	medium	doi__10.3390_pharmaceutics14030604:database_audit:1	doi__10.3390_pharmaceutics14030604	10.3390/pharmaceutics14030604	DBAASP	value_mismatch		MIC	3.1	13.1	confirmed				accepted_with_cautions	source_conflict
