review_id	priority	paper_id	doi	database	error_type	db_peptide	db_organism	db_endpoint	db_value	source_table	source_row	source_col	source_value	reason	local_pdf	verdict	severity	reviewer	notes
R001	DUAL	doi__10.1016_j.antiviral.2013.11.013	10.1016/j.antiviral.2013.11.013	DBAASP	endpoint_mismatch		Vero cells	IC50	46.71±3.80		Hp1036	CC50 (μM)b	46.71 ± 3.80	Same value is reported for Vero cells as CC50, not IC50.	papers/doi__10.1016_j.antiviral.2013.11.013/source/paper.pdf				
R002	DUAL	doi__10.1016_j.antiviral.2013.11.013	10.1016/j.antiviral.2013.11.013	DBAASP	endpoint_mismatch		HSV-1	IC50 I	0.43±0.09		Hp1036	EC50 (μM)a in the following assay	0.43 ± 0.09	Same HSV-1 value is reported under EC50, not IC50 I.	papers/doi__10.1016_j.antiviral.2013.11.013/source/paper.pdf				
R003	DUAL	doi__10.1016_j.antiviral.2013.11.013	10.1016/j.antiviral.2013.11.013	DBAASP	endpoint_mismatch		HSV-1	IC50 E	4.29±0.35		Hp1036	EC50 (μM)a in the following assay	4.29 ± 0.35	Same HSV-1 value is reported under EC50, not IC50 E.	papers/doi__10.1016_j.antiviral.2013.11.013/source/paper.pdf				
R004	DUAL	doi__10.1016_j.antiviral.2013.11.013	10.1016/j.antiviral.2013.11.013	DBAASP	endpoint_mismatch		Vero cells	IC50	26.15±1.91		Hp1239	CC50 (μM)b	26.15 ± 1.91	Same value is reported for Vero cells as CC50, not IC50.	papers/doi__10.1016_j.antiviral.2013.11.013/source/paper.pdf				
R005	DUAL	doi__10.1016_j.antiviral.2013.11.013	10.1016/j.antiviral.2013.11.013	DBAASP	endpoint_mismatch		HSV-1	IC50 I	0.41±0.06		Hp1239	EC50 (μM)a in the following assay	0.41 ± 0.06	Same HSV-1 value is reported under EC50, not IC50 I.	papers/doi__10.1016_j.antiviral.2013.11.013/source/paper.pdf				
R006	DUAL	doi__10.1016_j.antiviral.2013.11.013	10.1016/j.antiviral.2013.11.013	DBAASP	endpoint_mismatch		HSV-1	IC50 E	4.32±0.47		Hp1239	EC50 (μM)a in the following assay	4.32 ± 0.47	Same HSV-1 value is reported under EC50, not IC50 E.	papers/doi__10.1016_j.antiviral.2013.11.013/source/paper.pdf				
R167	DUAL	doi__10.1021_acsomega.0c01462	10.1021/acsomega.0c01462	CAMP	variant_misattribution	Melanotropin alpha	Staphylococcus aureus ATCC 29213 / ATCC 33591	MIC	11.36 microM		Pal-α-MSH(11-13)	Mueller-Hinton broth / MSSA	11.36 μM	MIC 11.36 μM for S. aureus ATCC 29213/33591 exists in Table 2 but is attributed to Pal-α-MSH(11-13), not Melanotropin alpha (α-MSH). Other listed organisms not 	papers/doi__10.1021_acsomega.0c01462/source/paper.pdf				
R168	DUAL	doi__10.1021_acsomega.0c01462	10.1021/acsomega.0c01462	CAMP	variant_misattribution	Melanotropin alpha	Staphylococcus aureus ATCC 29213 / ATCC 33591	MIC	>45.45 microM		Pal-α-MSH(6-13)	Mueller-Hinton broth / MSSA	>45.45 μM	MIC >45.45 μM for S. aureus ATCC 29213/33591 exists in Table 2 but belongs to Pal-α-MSH(6-13), not to Melanotropin alpha (α-MSH). Clear misattribution to wrong 	papers/doi__10.1021_acsomega.0c01462/source/paper.pdf				
R166	DUAL	doi__10.1038_ki.2012.410	10.1038/ki.2012.410	DBAASP	endpoint_mismatch		Proteus mirabilis PEDUTI-971	MIC	1.0-1.25		Proteus mirabilis PEDUTI-971	MBC(μM)b	1.0–1.25	Value '1.0-1.25' exists in source but under MBC column, not MIC. Source MIC for this strain is '0.3–0.6'. DB mislabeled MBC value as MIC.	papers/doi__10.1038_ki.2012.410/source/paper.pdf				
R051	DUAL	doi__10.1038_s41467-020-16950-x	10.1038/s41467-020-16950-x	DBAASP	value_mismatch	AA139	Escherichia coli ATCC 25922	MIC	2		AA139	E. coli ATCC 25922 / MIC	0.125	Source gives 0.125 for AA139 vs E. coli ATCC 25922 MIC; DB claims 2 -> mismatch.	papers/doi__10.1038_s41467-020-16950-x/source/paper.pdf				
R052	DUAL	doi__10.1038_s41467-020-16950-x	10.1038/s41467-020-16950-x	DBAASP	value_mismatch	AA139	Klebsiella pneumoniae ATCC BAA-2146	MIC	2		AA139	K. pneumoniae BAA-2146 (NDM-1) / MIC	1	Source gives 1 for AA139 vs K. pneumoniae BAA-2146 MIC; DB claims 2 -> mismatch.	papers/doi__10.1038_s41467-020-16950-x/source/paper.pdf				
R053	DUAL	doi__10.1038_s41467-020-16950-x	10.1038/s41467-020-16950-x	DBAASP	value_mismatch	NZ17125	Escherichia coli ATCC 25922	MIC	8		NZ17125	E. coli ATCC 25922 / MIC	0.125	Source gives 0.125 for NZ17125 vs E. coli ATCC 25922 MIC; DB claims 8 -> mismatch.	papers/doi__10.1038_s41467-020-16950-x/source/paper.pdf				
R054	DUAL	doi__10.1038_s41467-020-16950-x	10.1038/s41467-020-16950-x	DBAASP	value_mismatch	NZ17125	Klebsiella pneumoniae ATCC BAA-2146	MIC	64		NZ17125	K. pneumoniae BAA-2146 (NDM-1) / MIC	2	Source gives 2 for NZ17125 vs K. pneumoniae BAA-2146 MIC; DB claims 64 -> mismatch.	papers/doi__10.1038_s41467-020-16950-x/source/paper.pdf				
R010	DUAL	doi__10.1038_s42003-022-04385-7	10.1038/s42003-022-04385-7	DRAMP	variant_misattribution	MGS4_V8 (monomer)	Tumor cells: H358; H1993; H1299; H2009	EC50	H358=3.9nM; H1993=4nM; H1299=5.8nM; H2009=6.8nM		MGS4_V9 (dimer)	EC50 (nM)	3.9	Claimed EC50 values match MGS4_V9 dimer row, not the DB-named MGS4_V8 monomer row.	papers/doi__10.1038_s42003-022-04385-7/source/paper.pdf				
R011	DUAL	doi__10.1038_s42003-022-04385-7	10.1038/s42003-022-04385-7	DRAMP	variant_misattribution	MGS4_V8 (monomer)	Tumor cells: H1993; H1299; H2009; H358	EC50	H1993=1.5nM; H1299=2.5nM; H2009=3.4nM; H358=3.5nM		MGS4_V10 (tetramer)	EC50 (nM)	1.5	Claimed EC50 values match MGS4_V10 tetramer row, not the DB-named MGS4_V8 monomer row.	papers/doi__10.1038_s42003-022-04385-7/source/paper.pdf				
R012	DUAL	doi__10.1038_s42003-022-04385-7	10.1038/s42003-022-04385-7	DRAMP	variant_misattribution	MGS4_V9 (dimer)	Tumor cells: H358; H1993; H1299; H2009	EC50	H358=34nM; H1993=37nM; H1299=38nM; H2009=38nM		MGS4_V8 (monomer)	EC50 (nM)	34	Claimed EC50 values match MGS4_V8 monomer row, not the DB-named MGS4_V9 dimer row.	papers/doi__10.1038_s42003-022-04385-7/source/paper.pdf				
R126	DUAL	doi__10.1038_srep24684	10.1038/srep24684	DBAASP	endpoint_mismatch	Cecropin Px (5-34)	Escherichia coli ATCC 25922	IC50			E. coli 25922 (NCIM 2931)	MIC (microM)# / CecH	6.25–12.5	Source Table 3 reports CecH (Cecropin Px) activity vs E. coli 25922 (NCIM 2931) under MIC column header, not IC50. DB endpoint IC50 conflicts with source column	papers/doi__10.1038_srep24684/source/paper.pdf				
R127	DUAL	doi__10.1038_srep24684	10.1038/srep24684	DBAASP	endpoint_mismatch	Cecropin Px (5-34)	Escherichia coli ATCC 8739	IC50			E. coli 8739 (NCIM 2065)	MIC (microM)# / CecH	3.125–6.25	Source Table 3 reports CecH (Cecropin Px) vs E. coli 8739 (NCIM 2065) as MIC=3.125–6.25 µM. DB labels endpoint IC50; source column header is MIC throughout.	papers/doi__10.1038_srep24684/source/paper.pdf				
R138	DUAL	doi__10.1039_c8cc05790g	10.1039/c8cc05790g	DBAASP	value_mismatch	Octyl Tridecaptin A1 [w5D-Cys, F9Cys]	Escherichia coli NCTC 12241	MIC	6.3		4	MIC a	>50	Table 1 row 4 (d-Cys/Cys = w5D-Cys/F9Cys) gives E. coli NCTC 12241 MIC >50 µg/mL; DB claims 6.3 µg/mL. Clear value mismatch.	papers/doi__10.1039_c8cc05790g/source/paper.pdf				
R164	DUAL	doi__10.1186_s12917-024-04202-9	10.1186/s12917-024-04202-9	DBAASP	value_mismatch		Vibrio harveyi ATCC 33866	MIC			Vibrio harveyi	MIC (μg/mL)	25	DB records an empty MIC value for Vibrio harveyi ATCC33866; Table 1 explicitly shows MIC = 25 µg/mL for this exact strain (ATCC33866).	papers/doi__10.1186_s12917-024-04202-9/source/paper.pdf				
R089	DUAL	doi__10.1371_journal.pone.0018550	10.1371/journal.pone.0018550	CAMP	variant_misattribution	MsDef1	Fusarium graminearum PH-1	IC50	1.3-1.5 microM		MsDef1-γ4*	$IC50 / A. Full length proteins with mixed αβ conformation	1.3–1.5	IC50=1.3–1.5 and IC100=3–4 belong to MsDef1-γ4* (gain-of-function mutant) in source, not wild-type MsDef1 (IC50=2–4, IC100=>6).	papers/doi__10.1371_journal.pone.0018550/source/paper.pdf				
R017	DUAL	doi__10.1371_journal.pone.0215227	10.1371/journal.pone.0215227	DBAASP	endpoint_mismatch		Porcine epidemic diarrhea virus (PEDcoV)	IC50 F	8.0±0.3 µg/ml		SLP1	EC50 (μg/ml)	8.0 ± 0.3	DB labels value as IC50 F, but matching source cell is EC50 for SLP1.	papers/doi__10.1371_journal.pone.0215227/source/paper.pdf				
R018	DUAL	doi__10.1371_journal.pone.0215227	10.1371/journal.pone.0215227	DBAASP	endpoint_mismatch		Porcine epidemic diarrhea virus (PEDcoV)	IC50 F	5.3±0.5 µg/ml		SLP2	EC50 (μg/ml)	5.3 ± 0.5	DB labels value as IC50 F, but matching source cell is EC50 for SLP2.	papers/doi__10.1371_journal.pone.0215227/source/paper.pdf				
R019	DUAL	doi__10.1371_journal.pone.0215227	10.1371/journal.pone.0215227	DBAASP	endpoint_mismatch		Porcine epidemic diarrhea virus (PEDcoV)	IC50 F	16.9±1.6 µg/ml		SLP3	EC50 (μg/ml)	16.9 ± 1.6	DB labels value as IC50 F, but matching source cell is EC50 for SLP3.	papers/doi__10.1371_journal.pone.0215227/source/paper.pdf				
R020	DUAL	doi__10.1371_journal.pone.0215227	10.1371/journal.pone.0215227	DBAASP	endpoint_mismatch		Porcine epidemic diarrhea virus (PEDcoV)	IC50 F	5.4±0.4 µg/ml		SLP4	EC50 (μg/ml)	5.4 ± 0.4	DB labels value as IC50 F, but matching source cell is EC50 for SLP4.	papers/doi__10.1371_journal.pone.0215227/source/paper.pdf				
R021	DUAL	doi__10.1371_journal.pone.0215227	10.1371/journal.pone.0215227	DBAASP	endpoint_mismatch		Porcine epidemic diarrhea virus (PEDcoV)	IC50 F	16.5±0.6 µg/ml		SLP5	EC50 (μg/ml)	16.5 ± 0.6	DB labels value as IC50 F, but matching source cell is EC50 for SLP5.	papers/doi__10.1371_journal.pone.0215227/source/paper.pdf				
R022	DUAL	doi__10.1371_journal.pone.0215227	10.1371/journal.pone.0215227	DBAASP	endpoint_mismatch		Porcine epidemic diarrhea virus (PEDcoV)	IC50 F	6.1±0.3 µg/ml		SLP6	EC50 (μg/ml)	6.1 ± 0.3	DB labels value as IC50 F, but matching source cell is EC50 for SLP6.	papers/doi__10.1371_journal.pone.0215227/source/paper.pdf				
R023	DUAL	doi__10.1371_journal.pone.0215227	10.1371/journal.pone.0215227	DBAASP	endpoint_mismatch		Porcine epidemic diarrhea virus (PEDcoV)	IC50 F	14.0±0.6 µg/ml		SLP7	EC50 (μg/ml)	14.0 ± 0.6	DB labels value as IC50 F, but matching source cell is EC50 for SLP7.	papers/doi__10.1371_journal.pone.0215227/source/paper.pdf				
R024	DUAL	doi__10.1371_journal.pone.0215227	10.1371/journal.pone.0215227	DBAASP	endpoint_mismatch		Porcine epidemic diarrhea virus (PEDcoV)	IC50 F	2.6±0.2 µg/ml		SLP8	EC50 (μg/ml)	2.6 ± 0.2	DB labels value as IC50 F, but matching source cell is EC50 for SLP8.	papers/doi__10.1371_journal.pone.0215227/source/paper.pdf				
R025	DUAL	doi__10.1371_journal.pone.0215227	10.1371/journal.pone.0215227	DBAASP	endpoint_mismatch		Porcine epidemic diarrhea virus (PEDcoV)	IC50 F	12.8±0.5 µg/ml		SLP9	EC50 (μg/ml)	12.8 ± 0.5	DB labels value as IC50 F, but matching source cell is EC50 for SLP9.	papers/doi__10.1371_journal.pone.0215227/source/paper.pdf				
R026	DUAL	doi__10.1371_journal.pone.0215227	10.1371/journal.pone.0215227	DBAASP	endpoint_mismatch		Porcine epidemic diarrhea virus (PEDcoV)	IC50 F	10.6±0.5 µg/ml		SLP10	EC50 (μg/ml)	10.6 ± 0.5	DB labels value as IC50 F, but matching source cell is EC50 for SLP10.	papers/doi__10.1371_journal.pone.0215227/source/paper.pdf				
R027	DUAL	doi__10.1371_journal.pone.0215227	10.1371/journal.pone.0215227	DBAASP	endpoint_mismatch		Porcine epidemic diarrhea virus (PEDcoV)	IC50 I	11.4±0.7 µg/ml		Surfactin	EC50 (μg/ml)	11.4 ± 0.7	DB labels value as IC50 I, but matching source cell is EC50 for Surfactin.	papers/doi__10.1371_journal.pone.0215227/source/paper.pdf				
R029	DUAL	doi__10.3389_fimmu.2022.811378	10.3389/fimmu.2022.811378	DBAASP	value_mismatch		Escherichia coli CVCC 1522	MIC	0.05 µg/ml		E. coli CVCC1522	MICa, μg/mL	0.030	Source MIC for E. coli CVCC1522 is 0.030 μg/mL; DB claims 0.05 μg/ml.	papers/doi__10.3389_fimmu.2022.811378/source/paper.pdf				
R132	DUAL	doi__10.3389_fmicb.2018.00667	10.3389/fmicb.2018.00667	DBAASP	variant_misattribution	LyeTxI-b, a Synthetic Peptide Derived From Lycosa erythrognatha Spider Venom, Shows Potent Antibiotic Activity in Vitro and in Vivo.	Aggregatibacter actinomycetemcomitans ATCC 29522	MIC	10.6 µM		LyeTxI	A. actinomycetemcomitans / MIC / μmol.L-1	10.6∗	10.6 µM is LyeTxI (parent) MIC in Table 1; LyeTxI-b MIC for same organism is 11.4 µM. DB assigned parent peptide value to LyeTxI-b.	papers/doi__10.3389_fmicb.2018.00667/source/paper.pdf				
R133	DUAL	doi__10.3389_fmicb.2018.00667	10.3389/fmicb.2018.00667	DBAASP	variant_misattribution	LyeTxI-b, a Synthetic Peptide Derived From Lycosa erythrognatha Spider Venom, Shows Potent Antibiotic Activity in Vitro and in Vivo.	Aggregatibacter actinomycetemcomitans ATCC 29522	MBC	20.12 µM		LyeTxI	A. actinomycetemcomitans / MBC / μmol.L-1	20.12∗	20.12 µM is LyeTxI (parent) MBC in Table 1; LyeTxI-b MBC for same organism is 11.4 µM. DB assigned parent peptide value to LyeTxI-b.	papers/doi__10.3389_fmicb.2018.00667/source/paper.pdf				
R134	DUAL	doi__10.3389_fmicb.2018.00667	10.3389/fmicb.2018.00667	DBAASP	variant_misattribution	LyeTxI-b, a Synthetic Peptide Derived From Lycosa erythrognatha Spider Venom, Shows Potent Antibiotic Activity in Vitro and in Vivo.	Streptococcus sanguinis ATCC 10556	MIC	10.9 µM		LyeTxI	S. sanguinis / MIC / μmol.L-1	10.9∗∗∗	10.9 µM is LyeTxI (parent) MIC in Table 1; LyeTxI-b MIC for same organism is 5.7 µM. DB assigned parent peptide value to LyeTxI-b.	papers/doi__10.3389_fmicb.2018.00667/source/paper.pdf				
R135	DUAL	doi__10.3389_fmicb.2018.00667	10.3389/fmicb.2018.00667	DBAASP	variant_misattribution	LyeTxI-b, a Synthetic Peptide Derived From Lycosa erythrognatha Spider Venom, Shows Potent Antibiotic Activity in Vitro and in Vivo.	Streptococcus sanguinis ATCC 10556	MBC	21.8 µM		LyeTxI	S. sanguinis / MBC / μmol.L-1	21.8∗∗∗	21.8 µM is LyeTxI (parent) MBC in Table 1; LyeTxI-b MBC for same organism is 5.7 µM. DB assigned parent peptide value to LyeTxI-b.	papers/doi__10.3389_fmicb.2018.00667/source/paper.pdf				
R049	DUAL	doi__10.3389_fmicb.2018.02276	10.3389/fmicb.2018.02276	CAMP	value_mismatch	Bacteriocin Plantaricin LPL-1	Listeria monocytogenes NICPBP 54002[MIC = 16 microg/ml], Listeria monocytogenes ATCC 19113[MIC = 16 microg/ml], Listeria monocytogenes ATCC 19114[MIC = 16 microg/ml], Staphylococcus aureus ATCC 13565[MIC = 32 microg/ml], Staphylococcus aureus ATCC 6538[MIC = 32 microg/ml], Staphylococcus aureus CVCC 26112[MIC = 32 microg/ml], Enterococcus faecalis[MIC = 32 microg/ml], Lactobacillus delbrueckii subsp. lactis[MIC = 16 microg/ml], Lactiplantibacillus plantarum[MIC = 16 microg/ml], Lactobacillus delbrueckii subsp. bulgaricus[MIC = 16 microg/ml], Ligilactobacillus salivarius[MIC = 16 microg/ml], Lactococcus lactis MG1363[MIC = 16 microg/ml], Bacillus amyloliquefaciens[MIC = 32 microg/ml], Bacillus pumilus[MIC = 32 microg/ml], Escherichia coli DH5alpha, Escherichia coli BL21, Escherichia coli BW25113, Escherichia coli JM109, Saccharomyces cerevisiae, Pichia pastoris GS115	text	Antibacterial, Antifungal		Saccharomyces cerevisiae	Activity (mm)	0	DB includes Antifungal, but provided table reports 0 inhibition for Saccharomyces cerevisiae.	papers/doi__10.3389_fmicb.2018.02276/source/paper.pdf				
R065	DUAL	doi__10.3389_fmicb.2018.02846	10.3389/fmicb.2018.02846	DBAASP	value_mismatch	Nigrocin-HL (1-14)-F, Nigrocin-HLM	Pseudomonas aeruginosa ATCC 27853	MIC	2.94		P. aeruginosa (ATCC27853)	Nigrocin-HLM	47.08/47.08	Source HLM vs P. aeruginosa MIC = 47.08, not DB's 2.94 (2.94 is HLM's value vs S. aureus/C. albicans). Conflict.	papers/doi__10.3389_fmicb.2018.02846/source/paper.pdf				
R066	DUAL	doi__10.3389_fmicb.2018.02846	10.3389/fmicb.2018.02846	DBAASP	value_mismatch	Nigrocin-HL (1-14)-F, Nigrocin-HLM	Pseudomonas aeruginosa ATCC 27853	MBC	5.89		P. aeruginosa (ATCC27853)	Nigrocin-HLM	47.08/47.08	Source HLM P. aeruginosa MBC = 47.08, not DB's 5.89. Conflict.	papers/doi__10.3389_fmicb.2018.02846/source/paper.pdf				
R063	DUAL	doi__10.3390_antibiotics11020243	10.3390/antibiotics11020243	DBAASP	value_mismatch	Kassporin-KS1, QUB-1641	Staphylococcus aureus NCTC 10788	MBC	>128		S. aureusNCTC 10788	MIC/MBC (µM) / QUB-1641	64/64	Source MBC for QUB-1641 vs S. aureus NCTC 10788 is 64 (64/64); DB claims MBC >128.	papers/doi__10.3390_antibiotics11020243/source/paper.pdf				
R031	DUAL	doi__10.3390_antibiotics9120870	10.3390/antibiotics9120870	CAMP	variant_misattribution	WAMP-2			LCCGKYGFCGSG		WAMP-G1	Amino Acid Sequence	LCCGKYGFCGSG	Claimed WAMP-2 sequence exists in source, but source assigns it to WAMP-G1.	papers/doi__10.3390_antibiotics9120870/source/paper.pdf				
R032	DUAL	doi__10.3390_antibiotics9120870	10.3390/antibiotics9120870	CAMP	variant_misattribution	WAMP-2			GKGSCQSQCRGCR		WAMP-C	Amino Acid Sequence	GKGSCQSQCRGCR	Claimed WAMP-2 sequence exists in source, but source assigns it to WAMP-C.	papers/doi__10.3390_antibiotics9120870/source/paper.pdf				
R033	DUAL	doi__10.3390_antibiotics9120870	10.3390/antibiotics9120870	CAMP	variant_misattribution	WAMP-2			AQRCGDQARGAKC		WAMP-N	Amino Acid Sequence	AQRCGDQARGAKC	Claimed WAMP-2 sequence exists in source, but source assigns it to WAMP-N.	papers/doi__10.3390_antibiotics9120870/source/paper.pdf				
R034	DUAL	doi__10.3390_antibiotics9120870	10.3390/antibiotics9120870	CAMP	variant_misattribution	WAMP-2			CCGKYGFCGSGDAYC		WAMP-G2	Amino Acid Sequence	CCGKYGFCGSGDAYC	Claimed WAMP-2 sequence exists in source, but source assigns it to WAMP-G2.	papers/doi__10.3390_antibiotics9120870/source/paper.pdf				
R064	DUAL	doi__10.3390_ijms24043951	10.3390/ijms24043951	DBAASP	endpoint_mismatch		Human prostate adenocarcinoma PC-3	MIC	36.26		C10-ATRA-1	IC50 (µg/mL) / PC3	36.26	Value 36.26 for PC3 is reported under IC50 in Table 2, not MIC; DB labels it MIC -> endpoint mismatch.	papers/doi__10.3390_ijms24043951/source/paper.pdf				
R036	DUAL	doi__10.3390_md12020871	10.3390/md12020871	DBAASP	endpoint_mismatch		Human breast adenocarcinoma MDA-MB-231	IC50	14.9		Breast cancer: MDA-MB-231	(GI50, µg/mL)	14.9	DB labels endpoint IC50; source Table 3 reports this value under GI50.	papers/doi__10.3390_md12020871/source/paper.pdf				
R037	DUAL	doi__10.3390_md12020871	10.3390/md12020871	DBAASP	endpoint_mismatch		Human colon adenocarcinoma HCT-15	IC50	11.4		Colon cancer: HCT-15	(GI50, µg/mL)	11.4	DB labels endpoint IC50; source Table 3 reports this value under GI50.	papers/doi__10.3390_md12020871/source/paper.pdf				
R038	DUAL	doi__10.3390_md12020871	10.3390/md12020871	DBAASP	endpoint_mismatch		Human prostate adenocarcinoma PC-3	IC50	10.8		Prostate cancer: PC-3	(GI50, µg/mL)	10.8	DB labels endpoint IC50; source Table 3 reports this value under GI50.	papers/doi__10.3390_md12020871/source/paper.pdf				
R039	DUAL	doi__10.3390_md12020871	10.3390/md12020871	DBAASP	endpoint_mismatch		Human lung adenocarcinoma NCI-H23	IC50	11.2		Lung cancer: NCI-H23	(GI50, µg/mL)	11.2	DB labels endpoint IC50; source Table 3 reports this value under GI50.	papers/doi__10.3390_md12020871/source/paper.pdf				
R040	DUAL	doi__10.3390_md12020871	10.3390/md12020871	DBAASP	endpoint_mismatch		Human gastric cancer NUGC-3	IC50	11.8		Stomach cancer: NUGC-3	(GI50, µg/mL)	11.8	DB labels endpoint IC50; source Table 3 reports this value under GI50.	papers/doi__10.3390_md12020871/source/paper.pdf				
R041	DUAL	doi__10.3390_md12020871	10.3390/md12020871	DBAASP	endpoint_mismatch		Human renal adenocarcinoma ACHN	IC50	11.5		Renal cancer: ACHN	(GI50, µg/mL)	11.5	DB labels endpoint IC50; source Table 3 reports this value under GI50.	papers/doi__10.3390_md12020871/source/paper.pdf				
R178	single	doi__10.1007_s12602-025-10542-1	10.1007/s12602-025-10542-1	DBAASP	value_mismatch	Bombinin-H2L/BH2LS [V9K,G10K]	Escherichia coli ATCC 8739	MBC	32		E. coli ATCC 8739	[Lys7, 8]BH2L	4/4	Source Table 3 shows MIC/MBC=4/4 µM for [Lys7,8]BH2L (matches DB [V9K,G10K] by sequence: V9→K, G10→K) vs E. coli ATCC 8739; DB claims MBC=32 µM but source gives	papers/doi__10.1007_s12602-025-10542-1/source/paper.pdf				
R047	single	doi__10.1016_j.antiviral.2013.11.013	10.1016/j.antiviral.2013.11.013	dbAMP	endpoint_mismatch		"HSV-1 (IC50 I=0.43±0.09μM)
HSV-1 (EC50=2.87±0.16μM)
HSV-1 (IC50 E=4.29±0.35μM)
HSV-1 (EC50=7.86±0.80μM)"	text			Hp1036	EC50 (μM)a in the following assay	0.43 ± 0.09	Text labels 0.43 as IC50 I, but the matching source cell is EC50; other listed values also appear under EC50.	papers/doi__10.1016_j.antiviral.2013.11.013/source/paper.pdf				
R048	single	doi__10.1016_j.antiviral.2013.11.013	10.1016/j.antiviral.2013.11.013	dbAMP	endpoint_mismatch		"HSV-1 (IC50 I=0.41±0.06μM)
HSV-1 (EC50=5.73±0.61μM)
HSV-1 (IC50 E=4.32±0.47μM)
HSV-1 (EC50=8.41±0.73μM)"	text			Hp1239	EC50 (μM)a in the following assay	0.41 ± 0.06	Text labels 0.41 as IC50 I, but the matching source cell is EC50; other listed values also appear under EC50.	papers/doi__10.1016_j.antiviral.2013.11.013/source/paper.pdf				
R007	single	doi__10.1021_acs.jmedchem.3c00460	10.1021/acs.jmedchem.3c00460	DBAASP	value_mismatch	HP3	Pseudomonas aeruginosa PA14	MIC	2 µg/ml		HP3	PA14b	4	For HP3 against PA14, source MIC is 4, not DB value 2.	papers/doi__10.1021_acs.jmedchem.3c00460/source/paper.pdf				
R042	single	doi__10.1021_acs.jmedchem.3c00460	10.1021/acs.jmedchem.3c00460	DBAASP	value_mismatch	dln69	Human lung carcinoma A549	IC50	6		dIn69 A549	IC50 [uM]	8	Same peptide/cell/IC50 source cell reports 8, not DB value 6.	papers/doi__10.1021_acs.jmedchem.3c00460/source/paper.pdf				
R043	single	doi__10.1021_acs.jmedchem.3c00460	10.1021/acs.jmedchem.3c00460	DBAASP	value_mismatch	HP3	Human lung carcinoma A549	IC50	5		HP3 A549	IC50 [uM]	8	Same peptide/cell/IC50 source cell reports 8, not DB value 5.	papers/doi__10.1021_acs.jmedchem.3c00460/source/paper.pdf				
R044	single	doi__10.1021_acs.jmedchem.3c00460	10.1021/acs.jmedchem.3c00460	DBAASP	value_mismatch	ln69	Human embryonic kidney HEK293 cells	IC50	20		In69 HEK293	IC50 [uM]	45	Provided cell for ln69/In69 HEK293 IC50 is 45 uM, not DB value 20 uM.	papers/doi__10.1021_acs.jmedchem.3c00460/source/paper.pdf				
R045	single	doi__10.1021_acs.jmedchem.3c00460	10.1021/acs.jmedchem.3c00460	DBAASP	value_mismatch	dln69	Human embryonic kidney HEK293 cells	IC50	80		dIn69 HEK293	IC50 [uM]	87	Provided cell for dln69/dIn69 HEK293 IC50 is 87 uM, not DB value 80 uM.	papers/doi__10.1021_acs.jmedchem.3c00460/source/paper.pdf				
R179	single	doi__10.1021_acs.jmedchem.3c00460	10.1021/acs.jmedchem.3c00460	DBAASP	value_mismatch	HP3	Pseudomonas aeruginosa PA14	MIC	2		HP3	PA14b	4	Table 2 (formal data table) shows HP3 MIC vs P. aeruginosa PA14 = 4 µg/mL; DB claims 2 µg/mL. Confirmed discrepancy from a formal table.	papers/doi__10.1021_acs.jmedchem.3c00460/source/paper.pdf				
R095	single	doi__10.1021_acs.jmedchem.7b01732	10.1021/acs.jmedchem.7b01732	CAMP	endpoint_mismatch		MERS-CoV	IC50 F	>50 μM		P21S1	EC50 (μM)e / Hydrocarbon Stapled Peptidesb	>50	Value >50 exists in Table 1 (P21S1 shown) but column header is EC50 not IC50; no peptide name in DB record; endpoint label IC50 F incorrect per source.	papers/doi__10.1021_acs.jmedchem.7b01732/source/paper.pdf				
R096	single	doi__10.1021_acs.jmedchem.7b01732	10.1021/acs.jmedchem.7b01732	CAMP	endpoint_mismatch	P21S2	MERS-CoV	IC50 F	3.9 ± 1.1 μM; 10.9 ± 1.1 μM		P21S2	EC50 (μM)e / Hydrocarbon Stapled Peptidesb	3.90 ± 1.1	3.90±1.1 (P21S2) and 10.9±1.1 (P21L2) match Table 1 numerically but source column is EC50; DB labels both IC50 F.	papers/doi__10.1021_acs.jmedchem.7b01732/source/paper.pdf				
R097	single	doi__10.1021_acs.jmedchem.7b01732	10.1021/acs.jmedchem.7b01732	CAMP	endpoint_mismatch	P21S4	MERS-CoV	IC50 F	7.14 ± 0.7 μM; 8.21 ± 0.9 μM		P21S4	EC50 (μM)e / Hydrocarbon Stapled Peptidesb	7.14 ± 0.7	7.14±0.7 (P21S4) and 8.21±0.9 (P21L4) match Table 1 numerically but source column is EC50; DB labels both IC50 F.	papers/doi__10.1021_acs.jmedchem.7b01732/source/paper.pdf				
R098	single	doi__10.1021_acs.jmedchem.7b01732	10.1021/acs.jmedchem.7b01732	CAMP	endpoint_mismatch	P21S5	MERS-CoV	IC50 F	10.7 ± 2.6 μM; 4.49 ± 0.6 μM		P21S5	EC50 (μM)e / Hydrocarbon Stapled Peptidesb	10.7 ± 2.6	10.7±2.6 (P21S5) and 4.49±0.6 (P21L5) match Table 1 numerically but source column is EC50; DB labels both IC50 F.	papers/doi__10.1021_acs.jmedchem.7b01732/source/paper.pdf				
R099	single	doi__10.1021_acs.jmedchem.7b01732	10.1021/acs.jmedchem.7b01732	CAMP	endpoint_mismatch	P21S8	MERS-CoV	IC50 F	0.26 ± 0.05 μM		P21S8	EC50 (μM)e / Hydrocarbon Stapled Peptidesb	0.26 ± 0.05	P21S8 EC50 0.26±0.05 (Table 1) and PsV EC50 3.03/4.06/1.98 (Table 2) all match numerically; DB labels IC50 F/I. PsV 2.21±0.62 not in provided tables.	papers/doi__10.1021_acs.jmedchem.7b01732/source/paper.pdf				
R100	single	doi__10.1021_acs.jmedchem.7b01732	10.1021/acs.jmedchem.7b01732	CAMP	endpoint_mismatch	P21S10	MERS-CoV	IC50 F	0.33 ± 0.04 μM		P21S10	EC50 (μM)e / Hydrocarbon Stapled Peptidesb	0.33 ± 0.04	P21S10 EC50 0.33±0.04 (Table 1) and PsV EC50 0.97/1.82/0.89 (Table 2) all match numerically; DB labels IC50 F/I. PsV 1.58±0.16 not in provided tables.	papers/doi__10.1021_acs.jmedchem.7b01732/source/paper.pdf				
R101	single	doi__10.1021_acs.jmedchem.7b01732	10.1021/acs.jmedchem.7b01732	CAMP	endpoint_mismatch	P21S9	MERS-CoV	IC50 F	14.1 ± 2.3 μM; 10.9 ± 1 μM		P21S9	EC50 (μM)e / Hydrocarbon Stapled Peptidesb	14.1 ± 2.3	14.1±2.3 (P21S9) and 10.9±1.0 (P21L9) match Table 1 numerically but source column is EC50; DB labels both IC50 F.	papers/doi__10.1021_acs.jmedchem.7b01732/source/paper.pdf				
R102	single	doi__10.1021_acs.jmedchem.7b01732	10.1021/acs.jmedchem.7b01732	CAMP	endpoint_mismatch	P21S8Z	MERS-CoV	IC50 F	0.63 ± 0.05 μM		P21S8Z	EC50 (μM)e / Hydrocarbon Stapled Peptidesb	0.63 ± 0.05	P21S8Z EC50 0.63±0.05 (Table 1) and PsV EC50 2.80/4.15/2.49 (Table 2) all match numerically; DB labels IC50 F/I. PsV 2.57±0.24 not in provided tables.	papers/doi__10.1021_acs.jmedchem.7b01732/source/paper.pdf				
R103	single	doi__10.1021_acs.jmedchem.7b01732	10.1021/acs.jmedchem.7b01732	CAMP	endpoint_mismatch	P21S8F	MERS-CoV	IC50 F	2.16 ± 1.1 μM		P21S8F	EC50 (μM)e / Hydrocarbon Stapled Peptidesb	2.16 ± 1.1	P21S8F EC50 = 2.16 ± 1.1 in Table 1 matches numerically; DB labels endpoint IC50 F but source column header is EC50 (μM).	papers/doi__10.1021_acs.jmedchem.7b01732/source/paper.pdf				
R104	single	doi__10.1021_acs.jmedchem.7b01732	10.1021/acs.jmedchem.7b01732	CAMP	endpoint_mismatch	P21S8ZF	MERS-CoV	IC50 F	3.89 ± 0.8 μM		P21S8ZF	EC50 (μM)e / Hydrocarbon Stapled Peptidesb	3.89 ± 0.8	P21S8ZF EC50 = 3.89 ± 0.8 in Table 1 matches numerically; DB labels endpoint IC50 F but source column header is EC50 (μM).	papers/doi__10.1021_acs.jmedchem.7b01732/source/paper.pdf				
R105	single	doi__10.1021_acs.jmedchem.7b01732	10.1021/acs.jmedchem.7b01732	CAMP	endpoint_mismatch	HR2P-M2	MERS-CoV	IC50 F	0.75 ± 0.09 μM		HR2P-M2	EC50 (μM)e / Hydrocarbon Stapled Peptidesb	0.75 ± 0.09	HR2P-M2 EC50 0.75±0.09 (Table 1) and PsV EC50 1.07/1.25/0.64 (Table 2) match numerically; DB labels IC50 F/I. Claims 0.15±0.06 and variant PsV IC50/IC90 data no	papers/doi__10.1021_acs.jmedchem.7b01732/source/paper.pdf				
R174	single	doi__10.1021_acsinfecdis.2c00307	10.1021/acsinfecdis.2c00307	DBAASP	value_mismatch	Polymyxin B4	Escherichia coli ATCC 25922	MIC	1.0625		E. coli	PmxB4	0.25	Source Table 1 reports MIC of PmxB4 vs E. coli ATCC 25922 as 0.25 μg/mL; DB asserts 1.0625. No normalization explains a ~4-fold discrepancy.	papers/doi__10.1021_acsinfecdis.2c00307/source/paper.pdf				
R180	single	doi__10.1038_s41467-020-16950-x	10.1038/s41467-020-16950-x	DBAASP	value_mismatch	Arenicin-3 [V6,8A;Y9K;V13L], NZ17126	Escherichia coli ATCC 25922	MIC	0.5		NZ17126	E. coli ATCC 25922 / MIC	0.125	Source Table 2 shows NZ17126 MIC=0.125 µg/mL vs E. coli ATCC 25922; DB claims 0.5—a 4-fold discrepancy not explained by normalization.	papers/doi__10.1038_s41467-020-16950-x/source/paper.pdf				
R181	single	doi__10.1038_s41467-020-16950-x	10.1038/s41467-020-16950-x	DBAASP	value_mismatch	Arenicin-3 [V6,8A;Y9K;V13L], NZ17126	Klebsiella pneumoniae ATCC BAA-2146	MIC	16		NZ17126	K. pneumoniae BAA-2146 (NDM-1) / MIC	1	Source Table 2 shows NZ17126 MIC=1 µg/mL vs K. pneumoniae BAA-2146; DB claims 16—a 16-fold discrepancy not explained by normalization.	papers/doi__10.1038_s41467-020-16950-x/source/paper.pdf				
R182	single	doi__10.1038_s41598-017-16784-6	10.1038/s41598-017-16784-6	dbAMP	value_mismatch		Staphylococcus aureus 547582	MIC	8 μM		S. aureus 547582	Minimum inhibitory concentration (μg/mL) / Macropin / Gram positive	4.43	DB claims S.aureus 547582 MIC=8μM; Table 3 shows 4.43 μg/mL (~3.13μM converted, MW=1416.89). 8μM irreconcilable. P.aeruginosa 3320 similarly: DB 8μM vs source 4	papers/doi__10.1038_s41598-017-16784-6/source/paper.pdf				
R008	single	doi__10.1038_s41598-018-37630-3	10.1038/s41598-018-37630-3	CAMP	variant_misattribution	Temporin B L1FK	Klebsiella pneumoniae M6	MIC in MHB	128 microg/ml		Klebsiella pneumoniae M6	MHB	128	DB names L1FK, but the MIC series uses KKG6A values; e.g. K. pneumoniae M6 MHB 128 is in the KKG6A columns, not L1FK.	papers/doi__10.1038_s41598-018-37630-3/source/paper.pdf				
R009	single	doi__10.1038_s41598-018-37630-3	10.1038/s41598-018-37630-3	CAMP	variant_misattribution	Temporin B KKG6A	Klebsiella pneumoniae M6	MIC in MHB	32 microg/ml		Klebsiella pneumoniae M6	MHB	32	DB names KKG6A, but the MIC series uses L1FK values; e.g. K. pneumoniae M6 MHB 32 belongs to the L1FK columns, not KKG6A.	papers/doi__10.1038_s41598-018-37630-3/source/paper.pdf				
R090	single	doi__10.1038_s41598-019-50061-y	10.1038/s41598-019-50061-y	DBAASP	endpoint_mismatch		Candida albicans MDM8	MFC			Candida albicans MDM8	Pinipesin / MBC (µg/mL) / Gram-negative bacteria	30.33	DB claims MFC but source Table 1 column header is MBC (µg/mL) for Candida albicans MDM8; the paper uniformly uses MBC for all organisms including yeasts.	papers/doi__10.1038_s41598-019-50061-y/source/paper.pdf				
R183	single	doi__10.1038_s41598-022-16303-2	10.1038/s41598-022-16303-2	DBAASP	endpoint_mismatch		Human erythrocytes	50% Hemolysis	145		DP2 (LLR)	HC50 in μg/mL	145	HC50=145 exists in source for DP2 (LLR) but measured against murine RBCs (table caption explicit); DB attributes value to human erythrocytes — different test or	papers/doi__10.1038_s41598-022-16303-2/source/paper.pdf				
R184	single	doi__10.1038_s41598-022-16303-2	10.1038/s41598-022-16303-2	DBAASP	endpoint_mismatch		Human erythrocytes	50% Hemolysis	24.62		DP3 (L3)	HC50 in μg/mL	24.62	HC50=24.62 exists in source for DP3 (L3) but measured against murine RBCs (table caption explicit); DB attributes value to human erythrocytes — different test o	papers/doi__10.1038_s41598-022-16303-2/source/paper.pdf				
R068	single	doi__10.1038_srep24000	10.1038/srep24000	DRAMP	value_mismatch	[TOAC1] TG	T67/HeLa/HDF	EC50	T67=2; HeLa=8; HDF=5		[TOAC1] TG	EC50b (μM)	1	Source [TOAC1] TG: T67=1, HeLa=3 (HDF=5 matches); DB claims T67=2/HeLa=8 (those are parent TG values).	papers/doi__10.1038_srep24000/source/paper.pdf				
R069	single	doi__10.1038_srep24000	10.1038/srep24000	DRAMP	value_mismatch	[TOAC1] TG	T67/HeLa/HDF	EC50	T67=8; HeLa=n.t.; HDF=5		[TOAC1] TG	EC50b (μM)	1	Source [TOAC1] TG T67=1, HeLa=3; DB claims T67=8/HeLa n.t. (HDF=5 matches). Different values for same named peptide.	papers/doi__10.1038_srep24000/source/paper.pdf				
R070	single	doi__10.1038_srep24000	10.1038/srep24000	DRAMP	value_mismatch	[TOAC1] TG	T67/HeLa/HDF	EC50	T67=13; HeLa=n.t.; HDF=5		[TOAC1] TG	EC50b (μM)	1	Source [TOAC1] TG T67=1, HeLa=3; DB claims T67=13/HeLa n.t. (T67=13 is [Api8] TG). HDF=5 matches.	papers/doi__10.1038_srep24000/source/paper.pdf				
R071	single	doi__10.1038_srep24000	10.1038/srep24000	DRAMP	value_mismatch	[TOAC1, Lys6] TG	T67/HeLa/HDF	EC50	HeLa=2; T67=4; HDF=5		[TOAC1, Lys6] TG	EC50b (μM)	1	Source [TOAC1,Lys6] TG: T67=1, HeLa=3 (HDF=5 matches); DB claims T67=4/HeLa=2 (those are [Lys6] TG values).	papers/doi__10.1038_srep24000/source/paper.pdf				
R072	single	doi__10.1038_srep24000	10.1038/srep24000	DRAMP	value_mismatch	[Arg2] TG	T67/HeLa/HDF	EC50	T67=8; HeLa=9; HDF=8		[Arg2] TG	EC50b (μM)	4	Source [Arg2] TG HeLa=4 (T67=8, HDF=8 match); DB claims HeLa=9 (which is [TOAC1,Arg2] TG value).	papers/doi__10.1038_srep24000/source/paper.pdf				
R073	single	doi__10.1038_srep24000	10.1038/srep24000	DRAMP	value_mismatch	[TOAC1, Api4] TG	T67/HeLa/HDF	EC50	T67=13; HeLa=n.t.; HDF=n.t.		[TOAC1, Api4] TG	EC50b (μM)	8	Source [TOAC1,Api4] TG T67=8 (HeLa/HDF n.t. match); DB claims T67=13 (which is [Api8] TG value).	papers/doi__10.1038_srep24000/source/paper.pdf				
R185	single	doi__10.1038_srep24000	10.1038/srep24000	DRAMP	value_mismatch	[TOAC1, Lys6] TG	T67 tumor cells	EC50	4 μM (T67), 2 μM (HeLa), 5 μM (HDF)		[TOAC1, Lys6] TG	EC50b (μM)	1	Source Table 1 gives [TOAC1,Lys6] TG EC50(T67)=1, EC50(HeLa)=3, EC50(HDF)=5. DB claims T67=4, HeLa=2, which are [Lys6] TG values; cross-variant swap with assert	papers/doi__10.1038_srep24000/source/paper.pdf				
R186	single	doi__10.1038_srep24000	10.1038/srep24000	DRAMP	value_mismatch	[Arg2] TG	HeLa tumor cells	EC50	9 μM		[Arg2] TG	EC50b (μM)	4	Source Table 1 gives [Arg2] TG EC50(HeLa)=4; DB claims 9. T67=8 and HDF=8 are correct. EC50(HeLa)=9 belongs to [TOAC1,Arg2] TG in Table 1.	papers/doi__10.1038_srep24000/source/paper.pdf				
R187	single	doi__10.1038_srep24000	10.1038/srep24000	DRAMP	value_mismatch	[TOAC1, Arg2] TG	HeLa tumor cells	EC50	4 μM		[TOAC1, Arg2] TG	EC50b (μM)	9	Source Table 1 gives [TOAC1,Arg2] TG EC50(HeLa)=9; DB claims 4. T67=8 and HDF=15 are correct. EC50(HeLa)=4 belongs to [Arg2] TG; cross-swap with assertion 2.	papers/doi__10.1038_srep24000/source/paper.pdf				
R188	single	doi__10.1038_srep24000	10.1038/srep24000	DRAMP	value_mismatch	[TOAC1, Api4] TG	T67 tumor cells	EC50	13 μM (T67)		[TOAC1, Api4] TG	EC50b (μM)	8	Source Table 1 gives [TOAC1,Api4] TG EC50(T67)=8; DB claims 13. HeLa and HDF n.t. are correct. T67=13 belongs to [Api8] TG in Table 1.	papers/doi__10.1038_srep24000/source/paper.pdf				
R128	single	doi__10.1038_srep24684	10.1038/srep24684	DBAASP	endpoint_mismatch	Daphnia Lactotransferrin	Escherichia coli ATCC 8739	IC50			E. coli 8739 (NCIM 2065)	MIC (microM)# / LactP	NA	Source shows LactP (Daphnia Lactotransferrin) vs E. coli 8739=MIC NA (no activity ≤100 µM). DB claims IC50 endpoint; source only reports MIC and shows no measur	papers/doi__10.1038_srep24684/source/paper.pdf				
R129	single	doi__10.1038_srep24684	10.1038/srep24684	CAMP	variant_misattribution	Daphnia Lactotransferrin	Escherichia coli ATCC 25922, Escherichia coli ATCC 8739	IC50	50-100 microM		E. coli 25922 (NCIM 2931)	MIC (microM)# / LactP1	50–100*	50-100 µM in source belongs to LactP1/LactP2, not LactP (Daphnia Lactotransferrin). Source shows LactP=NA for both E. coli strains. Value misattributed from ref	papers/doi__10.1038_srep24684/source/paper.pdf				
R130	single	doi__10.1038_srep24684	10.1038/srep24684	CAMP	endpoint_mismatch	Cecropin Px	Escherichia coli ATCC 25922, Escherichia coli ATCC 8739	IC50	6.25-12.5 microM / 3.125-6.25 microM		E. coli 25922 (NCIM 2931)	MIC (microM)# / CecH	6.25–12.5	Numeric values match CecH MIC data exactly (6.25–12.5 and 3.125–6.25 µM). Source endpoint is MIC (Table 3 column header), not IC50. ATCC vs NCIM strain IDs refe	papers/doi__10.1038_srep24684/source/paper.pdf				
R131	single	doi__10.1038_srep24684	10.1038/srep24684	CAMP	endpoint_mismatch	Defensin Bm	Escherichia coli ATCC 25922, Escherichia coli ATCC 8739	IC50	50-100 microM (ATCC 8739)		E. coli 8739 (NCIM 2065)	MIC (microM)# / DefH	50–100*	DefH (Defensin Bm) vs E. coli 8739 value 50–100 matches source but is under MIC column (footnote *=50% inhibition), not IC50. Source shows DefH vs E. coli 25922	papers/doi__10.1038_srep24684/source/paper.pdf				
R144	single	doi__10.1038_srep26077	10.1038/srep26077	DBAASP	variant_misattribution	SET-M33	Pseudomonas aeruginosa	MIC50	1.4		Pseudomonas aeruginosa (no. 76)	MIC	1.4	Table 1 caption explicitly states data are for SET-M33L, not SET-M33. Value 1.4 µM MIC50 exists in source but is attributed to the wrong peptide variant by the 	papers/doi__10.1038_srep26077/source/paper.pdf				
R145	single	doi__10.1038_srep26077	10.1038/srep26077	DBAASP	variant_misattribution	SET-M33	Klebsiella pneumoniae	MIC90	2.8		Klebsiella pneumoniae (no. 73)	MIC	2.8	Table 1 caption explicitly states data are for SET-M33L, not SET-M33. Value 2.8 µM MIC90 exists in source but is attributed to the wrong peptide variant by the 	papers/doi__10.1038_srep26077/source/paper.pdf				
R142	single	doi__10.1038_srep39925	10.1038/srep39925	CAMP	variant_misattribution	Piscidin 1		sequence	FFHHIFRGIVHVGKKIHRLVKG		T15,21K Piscidin-1	Sequence	X-FFHHIFRGIVHVGKKIHRLVKG–amide	Sequence FFHHIFRGIVHVGKKIHRLVKG belongs to T15,21K Piscidin-1 in Table 1; source Piscidin-1 WT is FFHHIFRGIVHVGKTIHRLVTG. DB mis-labels T15,21K variant as 'Pisc	papers/doi__10.1038_srep39925/source/paper.pdf				
R143	single	doi__10.1038_srep39925	10.1038/srep39925	CAMP	variant_misattribution	Piscidin 1		sequence	FFHHIFRGIVHVGKKIHRLVTG		T15K Piscidin-1	Sequence	X-FFHHIFRGIVHVGKKIHRLVTG–amide	Sequence FFHHIFRGIVHVGKKIHRLVTG belongs to T15K Piscidin-1 in Table 1; source Piscidin-1 WT has T at pos 15 and 21. DB mis-labels T15K variant as 'Piscidin 1'.	papers/doi__10.1038_srep39925/source/paper.pdf				
R162	single	doi__10.1038_srep44278	10.1038/srep44278	CAMP	value_mismatch		Enterococcus faecium CMCC1.2136	MIC	16 μM		Enterococcus faecium CMCC1.2136d	MIC / Lfcin6 / μM / Gram-negative bacteria	14	14 of 15 values match Lfcin6 column exactly. Exception: E. faecium CMCC1.2136 DB claims 16 μM but Table 2 Lfcin6 shows 14 μM — candidate DB transcription error.	papers/doi__10.1038_srep44278/source/paper.pdf				
R163	single	doi__10.1038_srep44278	10.1038/srep44278	dbAMP	value_mismatch		Salmonella enterica serovar Pullorum CVCC 1789	MIC	8 μg/ml		S. pullorum CVCC1789a	MIC / Lfcin1 / μg/ml / Gram-negative bacteria	>128	DB claims S. pullorum CVCC1789 MIC=8μg/ml; Table 2 shows >128μg/ml for all 6 Lfcin variants. S. aureus ATCC43300 also mismatches (DB=8, table≥64). Strains CVCC5	papers/doi__10.1038_srep44278/source/paper.pdf				
R169	single	doi__10.1039_d1sc01713f	10.1039/d1sc01713f	DBAASP	value_mismatch		Klebsiella pneumoniae NCTC 148	MIC	16-32		K. pneumoniae NCTC148b,c	GN1	>64	Source table 2 gives GN1 MIC=>64 and GP1 MIC=32 for K. pneumoniae NCTC148; DB value 16-32 matches neither peptide. No source cell supports 16-32 for NCTC148 str	papers/doi__10.1039_d1sc01713f/source/paper.pdf				
R122	single	doi__10.1039_d4md00383g	10.1039/d4md00383g	DBAASP	value_mismatch		Staphylococcus aureus ATCC 25923	MIC	2.1		LM11	MICs (μM) / S. aureus ATCC 25923	5.1	DB claims MIC=2.1 µM for LM11 vs S. aureus ATCC 25923; source Table 2 shows LM11=5.1 µM. Value 2.1 µM belongs to LM2 in source, not LM11.	papers/doi__10.1039_d4md00383g/source/paper.pdf				
R123	single	doi__10.1039_d4md00383g	10.1039/d4md00383g	DBAASP	value_mismatch		Clostridioides difficile ATCC 43602	MIC	3.7		LM11	MICs (μM) / C. difficile ATCC 43602	NA	DB claims MIC=3.7 µM for LM11 vs C. difficile ATCC 43602; source Table 2 shows LM11=NA. Value 3.7 does not appear for any peptide in the C. difficile column.	papers/doi__10.1039_d4md00383g/source/paper.pdf				
R189	single	doi__10.1042_bsr20180710	10.1042/bsr20180710	DRAMP	value_mismatch		P. aeruginosa ATCC 27853 (and others)	MIC/MBC	P. aeruginosa MIC= μM, MBC= μM (blank); others as R2PLx-22		P. aeruginosa (ATCC 27853)	MIC/MBC (µM) / R2PLx-22	>512/>512	DB records P. aeruginosa MIC/MBC as blank ('= μM'); Table 2 R2PLx-22 shows >512/>512. All other five organisms' values correctly match R2PLx-22.	papers/doi__10.1042_bsr20180710/source/paper.pdf				
R190	single	doi__10.1042_bsr20180710	10.1042/bsr20180710	DRAMP	value_mismatch		P. aeruginosa ATCC 27853 (and others)	MIC/MBC	P. aeruginosa MIC blank, others as R2PLx-22 (µ encoded as ¦ÌM)		P. aeruginosa (ATCC 27853)	MIC/MBC (µM) / R2PLx-22	>512/>512	DB records P. aeruginosa MIC/MBC as blank ('= ¦ÌM'); Table 2 R2PLx-22 shows >512/>512. µ encoding also corrupted. Identical error pattern to assertions 2/4/6/10	papers/doi__10.1042_bsr20180710/source/paper.pdf				
R191	single	doi__10.1042_bsr20180710	10.1042/bsr20180710	CAMP	value_mismatch		C. albicans NCTC 1467	MIC	256 μM		C. albicans (NCTC 1467)	MIC/MBC (µM) / R2PLx-22	512/>512	S. aureus MIC=256 and E. coli MIC=128 uniquely match R2PLx-22 in Table 2; for that peptide C. albicans MIC=512, not 256 as DB claims. MIC=256 for C. albicans be	papers/doi__10.1042_bsr20180710/source/paper.pdf				
R146	single	doi__10.1111_1462-2920.15145	10.1111/1462-2920.15145	DBAASP	value_mismatch		Xanthomonas campestris pv. campestris NCCB 92058	MIC	4		Gram‐negative	Relacidine A	0.5	Source shows MIC 0.5 (Relacidine A) for plain X. campestris NCCB92058; value 4 appears only in the +LPS row, indicating DB used the LPS-condition value for the 	papers/doi__10.1111_1462-2920.15145/source/paper.pdf				
R147	single	doi__10.1111_1462-2920.15145	10.1111/1462-2920.15145	DBAASP	value_mismatch		Escherichia coli TOP 10	MIC	8		Escherichia coli TOP10	Relacidine A	2	Source shows MIC 2 (Relacidine A and B) for plain E. coli TOP10; value 8 appears only in the +LPS row, indicating DB used the LPS-condition value for the plain 	papers/doi__10.1111_1462-2920.15145/source/paper.pdf				
R106	single	doi__10.1128_mbio.00226-19	10.1128/mbio.00226-19	DRAMP	value_mismatch	Antibacterial Properties and Efficacy of a Novel SPLUNC1-Derived Antimicrobial Peptide, α6-Short, in a Murine Model of Respiratory Infection	Escherichia coli YDC748	MIC	1		YDC748	MIC (µM)	2	DB subject_text claims E. coli YDC748 MIC=1μM but TABLE 2 shows α4-short MIC=2μM for this strain. Other strain values match source. Peptide name 'α6-Short' is l	papers/doi__10.1128_mbio.00226-19/source/paper.pdf				
R155	single	doi__10.1128_spectrum.01050-24	10.1128/spectrum.01050-24	DBAASP	value_mismatch		Escherichia coli	MIC	4-8		DC7114	Strains	2 (1)	Source shows Hs02 MIC=2 µg/mL (1 µM) for E. coli DC7114, below DB minimum of 4. Col shifted left due to merged E. coli species cell; format '2 (1)' confirms act	papers/doi__10.1128_spectrum.01050-24/source/paper.pdf				
R156	single	doi__10.1128_spectrum.01050-24	10.1128/spectrum.01050-24	DBAASP	value_mismatch		Escherichia coli	MBC	4-8		DC11552	MIC μg/mL (μM)	16 (8.2)	Source shows Hs02 MBC=16 µg/mL (8.2 µM) for E. coli DC11552, above DB max of 8. Col shifted left due to merged species cell; '16 (8.2)' format (µM equivalent) c	papers/doi__10.1128_spectrum.01050-24/source/paper.pdf				
R120	single	doi__10.1155_2012_349427	10.1155/2012_349427	CAMP	endpoint_mismatch	Tat peptide	HIV-1 IIIB	IC50 REP	94 µg/ml		88	EC50	0.094 mg/mL	Source Table 2 col header is 'EC50', not IC50. Value 0.094 mg/mL=94 µg/mL matches numerically, but DB calls endpoint IC50 REP. EC50≠IC50.	papers/doi__10.1155_2012_349427/source/paper.pdf				
R013	single	doi__10.1155_2015_909870	10.1155/2015_909870	DBAASP	value_mismatch	Pac-525	Streptococcus sanguinis ATCC 10566	MIC			S. sanguis 10556	MIC	0.125	Pac-525 MIC source cell reports 0.125, but the DB value is blank.	papers/doi__10.1155_2015_909870/source/paper.pdf				
R014	single	doi__10.1155_2015_909870	10.1155/2015_909870	DBAASP	value_mismatch	Pac-525	Streptococcus sanguinis ATCC 10566	MBC			S. sanguis 10556	MBC	0.5	Pac-525 MBC source cell reports 0.5, but the DB value is blank.	papers/doi__10.1155_2015_909870/source/paper.pdf				
R015	single	doi__10.1155_2015_909870	10.1155/2015_909870	DBAASP	endpoint_mismatch	KSL	Streptococcus sanguinis ATCC 10566	-			S. sanguis 10556	MIC	—	For KSL, the dash source value is under MIC, while the DB endpoint is '-'.	papers/doi__10.1155_2015_909870/source/paper.pdf				
R150	single	doi__10.1155_2018_5252891	10.1155/2018_5252891	DRAMP	variant_misattribution	LfcinB(20-25)	Staphylococcus aureus ATCC 33591	MIC; MBC	100 μg/ml; 199 μg/ml		LfcinB reference	Staphylococcus aureus / ATCC 33591 Resistant / MIC	100 (50)	MIC=100, MBC=199 belong to 'LfcinB reference' (residues 17-31) in Table 2; LfcinB(20-25)/Motif (RRWQWR) shows MIC>197, MBC>197 for S. aureus ATCC 33591.	papers/doi__10.1155_2018_5252891/source/paper.pdf				
R175	single	doi__10.1186_s12917-020-02620-z	10.1186/s12917-020-02620-z	CAMP	value_mismatch	Lfcin-B	Trueperella pyogenes ATCC 19411 / isolate; Escherichia coli ATCC 25922	MIC50, MIC90, MBC	T.pyogenes MIC50=7.8, ATCC19411 MIC90=7.8, isolate MIC90=15.6, all MBC=15.6; E.coli MIC50/MIC90/MBC=125 µg/mL		Trueperella pyogenesATCC 19,411	Lfcin DB	3.9 (1.2)	DB 'Lfcin-B' T.pyogenes MIC50=7.8 µg/mL (both strains); source 'Lfcin DB' shows 3.9 (1.2) for both MIC50 rows. MIC90/MBC and all E.coli values match 'Lfcin DB' 	papers/doi__10.1186_s12917-020-02620-z/source/paper.pdf				
R016	single	doi__10.1186_s13568-020-01139-8	10.1186/s13568-020-01139-8	DBAASP	value_mismatch	LSEI_2135 (53-68), LHH1	Klebsiella aerogenes ATCC 13048	MIC			Enterobacter aerogenes (ATCC 13048)	MIC (μM)	> 256	Source table reports LHH1 MIC > 256 for ATCC 13048, while DB value is blank.	papers/doi__10.1186_s13568-020-01139-8/source/paper.pdf				
R192	single	doi__10.1186_s40409-017-0130-y	10.1186/s40409-017-0130-y	dbAMP	value_mismatch	xylopin	Klebsiella pneumoniae (CS)	MIC	3.75μM		Klebsiella pneumoniae (CS)	MIC (μM) / Gram-positive	7.5	DB claims MIC=3.75μM for Klebsiella pneumoniae; Table 7 shows 7.5μM. Other ATCC-strain values match Table 7. NBRC-strain entries and Leishmania IC50 are not in 	papers/doi__10.1186_s40409-017-0130-y/source/paper.pdf				
R081	single	doi__10.1371_journal.pone.0018550	10.1371/journal.pone.0018550	CAMP	variant_misattribution	MsDef1	Fusarium graminearum PH-1	IC50	>96 microM		MsDef1	$IC50 / A. Full length proteins with mixed αβ conformation	2–4	Source shows MsDef1 IC50=2–4 µM; value >96 belongs to GMA1-L (or GMA4-L1/L2) in source, not full-length MsDef1.	papers/doi__10.1371_journal.pone.0018550/source/paper.pdf				
R082	single	doi__10.1371_journal.pone.0018550	10.1371/journal.pone.0018550	CAMP	variant_misattribution	MtDef4	Fusarium graminearum PH-1	IC50	4 microM		MtDef4	$IC50 / A. Full length proteins with mixed αβ conformation	0.75–1	Source shows MtDef4 IC50=0.75–1 µM; IC50=4 and IC100=12 belong to GMA4-L (MtDef4 loop fragment), not full-length MtDef4.	papers/doi__10.1371_journal.pone.0018550/source/paper.pdf				
R083	single	doi__10.1371_journal.pone.0018550	10.1371/journal.pone.0018550	CAMP	variant_misattribution	MtDef4	Fusarium graminearum PH-1	IC50	>96 microM		MtDef4	$IC50 / A. Full length proteins with mixed αβ conformation	0.75–1	Source shows MtDef4 IC50=0.75–1 µM; >96 belongs to GMA4-L1/GMA4-L2 (MtDef4 loop variants), not full-length MtDef4.	papers/doi__10.1371_journal.pone.0018550/source/paper.pdf				
R084	single	doi__10.1371_journal.pone.0018550	10.1371/journal.pone.0018550	CAMP	variant_misattribution	MsDef1	Fusarium graminearum PH-1	IC50	>48 microM		MsDef1	$IC50 / A. Full length proteins with mixed αβ conformation	2–4	Source shows MsDef1 IC50=2–4 µM; value >48 belongs to ALP1 or ALP4 (alpha-loop peptides from MsDef1/MtDef4) in source, not full-length MsDef1.	papers/doi__10.1371_journal.pone.0018550/source/paper.pdf				
R085	single	doi__10.1371_journal.pone.0018550	10.1371/journal.pone.0018550	CAMP	variant_misattribution	MsDef1	Fusarium graminearum PH-1	IC50	>192 microM		MsDef1	$IC50 / A. Full length proteins with mixed αβ conformation	2–4	Source shows MsDef1 IC50=2–4 µM; IC50=>192 belongs to GMA1 (MsDef1 fragment 31-39), not full-length MsDef1. Other organisms not in provided tables.	papers/doi__10.1371_journal.pone.0018550/source/paper.pdf				
R086	single	doi__10.1371_journal.pone.0018550	10.1371/journal.pone.0018550	CAMP	variant_misattribution	MtDef4	Fusarium graminearum PH-1	IC50	>48 microM		MtDef4	$IC50 / A. Full length proteins with mixed αβ conformation	0.75–1	Source shows MtDef4 IC50=0.75–1 µM; value >48 belongs to ALP4 (MtDef4 alpha-loop peptide) in source, not full-length MtDef4.	papers/doi__10.1371_journal.pone.0018550/source/paper.pdf				
R087	single	doi__10.1371_journal.pone.0018550	10.1371/journal.pone.0018550	CAMP	variant_misattribution	MtDef4	Fusarium graminearum PH-1	IC50	3 microM		MtDef4	$IC50 / A. Full length proteins with mixed αβ conformation	0.75–1	Source shows MtDef4 IC50=0.75–1 µM; IC50=3/IC100=6 belongs to GMA4 or GMA4-C (C-terminal fragments of MtDef4), not full-length MtDef4. Other organisms not in pr	papers/doi__10.1371_journal.pone.0018550/source/paper.pdf				
R088	single	doi__10.1371_journal.pone.0018550	10.1371/journal.pone.0018550	CAMP	variant_misattribution	MsDef1	Fusarium graminearum PH-1	IC50	14 microM		MsDef1	$IC50 / A. Full length proteins with mixed αβ conformation	2–4	Source shows MsDef1 IC50=2–4 µM; IC50=14 and IC100=24 belong to GMA1-C (MsDef1 fragment 31-45) in source, not full-length MsDef1. Other organisms not in provide	papers/doi__10.1371_journal.pone.0018550/source/paper.pdf				
R077	single	doi__10.1371_journal.pone.0058997	10.1371/journal.pone.0058997	CAMP	value_mismatch		Saccharomyces cerevisiae ATCC 44776 (among listed organisms)	MIC (text listing)	B. subtilis ATCC 62037 MIC=2 µg/ml		Saccharomyces cerevisiae(ATCC 44774)	MIC ( µg/ml)a / Buf IIIb	0.5	DB claims S. cerevisiae ATCC 44776 but Table 2 row label reads ATCC 44774; different ATCC catalog numbers within same registry, not cross-registry normalization	papers/doi__10.1371_journal.pone.0058997/source/paper.pdf				
R107	single	doi__10.1371_journal.pone.0114605	10.1371/journal.pone.0114605	CAMP	variant_misattribution	PMAP-36	multiple (E. coli, S. typhimurium, S. aureus, S. epidermidis, P. aeruginosa strains, macrophage)	MIC text bundle	see subject text		S. typhimurium 7731	MICa (µM) / T9I	256	MIC profile (S. typh 256, S. aureus 256, P.a. LC 64) matches T9I in Table 3, not RI16/PMAP-36 (S. typh 128, S. aureus 128, P.a. LC 32). Data belongs to T9I but 	papers/doi__10.1371_journal.pone.0114605/source/paper.pdf				
R108	single	doi__10.1371_journal.pone.0114605	10.1371/journal.pone.0114605	CAMP	variant_misattribution	PMAP-36	multiple (E. coli, S. typhimurium, S. aureus, S. epidermidis, P. aeruginosa strains, macrophage)	MIC text bundle	see subject text		S. epidermidis 12228	MICa (µM) / T9K	128	MIC profile (S. epid 128, P.a. 27853 128, P.a. LC 256) matches T9K in Table 3, not RI16/PMAP-36 (S. epid 32, P.a. 27853 256, P.a. LC 32). Data belongs to T9K bu	papers/doi__10.1371_journal.pone.0114605/source/paper.pdf				
R109	single	doi__10.1371_journal.pone.0114605	10.1371/journal.pone.0114605	CAMP	variant_misattribution	PMAP-36	multiple (E. coli, S. typhimurium, S. aureus, S. epidermidis, P. aeruginosa strains, macrophage)	MIC text bundle	see subject text		E. coli 25922	MICa (µM) / T9F	64	MIC profile (E. coli 64, P.a. LC 64) matches T9F in Table 3, not RI16/PMAP-36 (E. coli 128, P.a. LC 32). Data belongs to T9F but attributed to PMAP-36.	papers/doi__10.1371_journal.pone.0114605/source/paper.pdf				
R110	single	doi__10.1371_journal.pone.0114605	10.1371/journal.pone.0114605	CAMP	variant_misattribution	PMAP-36	multiple (E. coli, S. typhimurium, S. aureus, S. epidermidis, P. aeruginosa strains, macrophage)	MIC/MBC/LC text bundle	see subject text		P. auruginosa 27853	MICa (µM) / T9W	2	MIC/MBC profile (E. coli 64, S. epid 64, P.a. 27853 MIC=2, P.a. LC=1) matches T9W in Tables 3-4, not RI16/PMAP-36 (E. coli 128, S. epid 32, P.a. 27853=256, P.a.	papers/doi__10.1371_journal.pone.0114605/source/paper.pdf				
R148	single	doi__10.1371_journal.pone.0162007	10.1371/journal.pone.0162007	CAMP	variant_misattribution	Warnericin RK	Jurkat cancer cells	LD50	5.39 µM		WarnG20D	LD50a (μM)	5.39	LD50=5.39 μM on Jurkat belongs to analog WarnG20D in Table 2; the WRK (Warnericin RK) row gives LD50=2.11 μM. Value is misattributed to the parent peptide.	papers/doi__10.1371_journal.pone.0162007/source/paper.pdf				
R149	single	doi__10.1371_journal.pone.0162007	10.1371/journal.pone.0162007	CAMP	variant_misattribution	Warnericin RK	Jurkat cancer cells	LD50	8.79 µM		WarnF14V	LD50a (μM)	8.79	LD50=8.79 μM on Jurkat belongs to analog WarnF14V in Table 2; the WRK (Warnericin RK) row gives LD50=2.11 μM. Value is misattributed to the parent peptide.	papers/doi__10.1371_journal.pone.0162007/source/paper.pdf				
R075	single	doi__10.1371_journal.pone.0203451	10.1371/journal.pone.0203451	dbAMP	value_mismatch	Citrus-amp2	Sinorhizobium meliloti USDA 1002 / Galleria mellonella / Human glioblastoma U87-MG	text			Citrus-amp2 128μM	% survival	93.75 ± 8.84	DB claims 6.25±0.59% killing at 128μM; source shows 93.75±8.84% survival implying 6.25±8.84% killing. Mean matches but SD (±0.59 vs ±8.84) is substantially disc	papers/doi__10.1371_journal.pone.0203451/source/paper.pdf				
R076	single	doi__10.1371_journal.pone.0203451	10.1371/journal.pone.0203451	dbAMP	value_mismatch	Citrus-amp1	Xanthomonas citri / Sinorhizobium meliloti USDA 1002 / Agrobacterium tumefaciens GV3101 / Methylobacterium sp. / Galleria mellonella / Human glioblastoma U87-MG	text			Citrus-amp1 128μM	% survival	94.50 ± 7.85	DB claims 5.5±0.46% killing at 128μM; source shows 94.50±7.85% survival implying 5.5±7.85% killing. Mean matches but SD (±0.46 vs ±7.85) is substantially discre	papers/doi__10.1371_journal.pone.0203451/source/paper.pdf				
R028	single	doi__10.1371_journal.pone.0215227	10.1371/journal.pone.0215227	CAMP	endpoint_mismatch		Porcine epidemic diarrhea virus (PEDcoV)	IC50 F text	16.9+-1.6; 16.5+-0.6; 14.0+-0.6; 10.6+-0.5 microg/ml		SLP3	EC50 (μg/ml)	16.9 ± 1.6	DB text labels PEDcoV value as IC50 F; matching source cell for 16.9 ± 1.6 is EC50.	papers/doi__10.1371_journal.pone.0215227/source/paper.pdf				
R176	single	doi__10.2147_idr.s204626	10.2147/idr.s204626	dbAMP	value_mismatch		multiple — includes S. aureus ATCC 29213 (MIC=5μM AND MIC=3μM), S. aureus ATCC 33591 (MIC=5μM AND MIC=3μM), P. aeruginosa ATCC 27853 (MIC=35μM), P. aeruginosa ATCC BAA-2114 (MIC=35μM), plus S. epidermidis ATCC 12228, S. aureus ATCC 43300, E. faecalis ATCC 19433, E. coli ATCC 25922, Salmonella ATCC 10708, P. aeruginosa ATCC 9027, K. pneumoniae ATCC 13883	MIC	AntiGram + AntiGram - MammalianCells		AamAP1-Lysine	MIC (µM) / S. aureus (ATCC 29213)	3 µM	DB subject text includes S. aureus ATCC 29213 and 33591 at MIC=5μM, but Table 1 shows 3 µM for both. DB also lists correct 3μM for same strains, indicating erro	papers/doi__10.2147_idr.s204626/source/paper.pdf				
R152	single	doi__10.2147_ijn.s180040	10.2147/ijn.s180040	DBAASP	value_mismatch		Staphylococcus aureus MR	MIC	0.375		AP138 solution	Methicillin-resistant Staphylococcus aureus	2	Table 3 shows AP138 solution MIC=2 µg/mL against MRSA; DB claims 0.375 µg/mL. Values do not match.	papers/doi__10.2147_ijn.s180040/source/paper.pdf				
R153	single	doi__10.2147_ijn.s180040	10.2147/ijn.s180040	DBAASP	value_mismatch		Staphylococcus aureus ATCC 25923	MIC	0.5		AP138 solution	Staphylococcus aureus	4	Table 3 shows S. aureus AP138 solution MIC=4 µg/mL; DB claims 0.5 µg/mL for ATCC 25923. Even applying strain normalization, values differ (0.5≠4).	papers/doi__10.2147_ijn.s180040/source/paper.pdf				
R154	single	doi__10.2147_ijn.s180040	10.2147/ijn.s180040	DBAASP	value_mismatch		Staphylococcus aureus	MIC	0.125-2		AP138 solution	Staphylococcus aureus	4	Table 3 shows S. aureus AP138 solution MIC=4 µg/mL; DB claims range 0.125–2 µg/mL which does not include 4.	papers/doi__10.2147_ijn.s180040/source/paper.pdf				
R067	single	doi__10.3389_fchem.2020.616147	10.3389/fchem.2020.616147	DRAMP	value_mismatch	A4K14-citropin 1.1-Sp7	MCF-7/U87/A549/C4-2B	IC50	12.1/14.72/16.37/35.84		A4K14-citropin1.1-7	IC50 (μM)b / C4-2B	10.23	Sp7=-7: MCF-7/U87/A549 match, but DB claims C4-2B 35.84 while source is 10.23 (35.84 is the -6 value).	papers/doi__10.3389_fchem.2020.616147/source/paper.pdf				
R170	single	doi__10.3389_fcimb.2019.00048	10.3389/fcimb.2019.00048	CAMP	variant_misattribution	Plectasin-derived peptide NZ2114	Streptococcus suis CVCC 3928 (and multiple others)	MIC	0.028 microM (and multiple others)		Streptococcus suis CVCC 3928	MP1102 (μM)	0.028	Source Table 2 labels MIC values under 'MP1102 (μM)' column, not NZ2114; DB misattributes MP1102 activity data to parent peptide NZ2114. S. aureus/E. coli/C. pe	papers/doi__10.3389_fcimb.2019.00048/source/paper.pdf				
R158	single	doi__10.3389_fmicb.2016.02006	10.3389/fmicb.2016.02006	CAMP	value_mismatch		Escherichia coli ATCC 43827	MIC	25 µM		Gram-negative	MIC (μM)	22 ± 1	Source Table 1 lists E. coli ML 35 (43827) MIC=22±1 µM; DB claims ATCC 43827 MIC=25 µM. ATCC 43827 is ML-35; same strain, conflicting numeric value. S. aureus 2	papers/doi__10.3389_fmicb.2016.02006/source/paper.pdf				
R159	single	doi__10.3389_fmicb.2017.00761	10.3389/fmicb.2017.00761	CAMP	value_mismatch	KF2	MDR S. Typhimurium 12220 (among others)	MIC			S. Typhimurium 12219c	(mg/L)a,d / KF2 cyclo(Tyr-Pro) / INDICATOR STRAINS / Gram-Positive Bacteria	30.64	DB lists MDR S. Typhimurium 12220 for KF2; source Table 7 has S. Typhimurium 12219c (MIC 30.64 mg/L). Strain 12220 is erroneous — same KNIH numbering system, co	papers/doi__10.3389_fmicb.2017.00761/source/paper.pdf				
R160	single	doi__10.3389_fmicb.2017.00761	10.3389/fmicb.2017.00761	CAMP	value_mismatch	KF1	B. subtilis; S. aureus; S. Typhimurium; E. coli; MDR S. aureus 11471; MDR S. Typhimurium 12219	MIC			B. subtilis	(mg/L)a,d / KF1 cyclo(Ser-Pro) / INDICATOR STRAINS / Gram-Positive Bacteria	—	Source Table 7 shows '—' for KF1 against every indicator and MDR strain; no MIC was determinable. DB claims MIC activity for KF1 against all six organisms, cont	papers/doi__10.3389_fmicb.2017.00761/source/paper.pdf				
R161	single	doi__10.3389_fmicb.2017.00761	10.3389/fmicb.2017.00761	CAMP	value_mismatch	KF4	MDR S. Typhimurium 12220 (among others)	MIC			S. Typhimurium 12219c	(mg/L)a,d / KF4 cyclo(Leu-Pro) / INDICATOR STRAINS / Gram-Positive Bacteria	19.33	DB lists MDR S. Typhimurium 12220 for KF4; source Table 7 has S. Typhimurium 12219c (MIC 19.33 mg/L). Strain number 12220 is erroneous; correct KNIH strain is 1	papers/doi__10.3389_fmicb.2017.00761/source/paper.pdf				
R151	single	doi__10.3389_fmicb.2019.01688	10.3389/fmicb.2019.01688	CAMP	value_mismatch	LL-37	multiple (LL-37 across multiple papers)	MIC	multiple		A. baumannii ATCC 17978	LL-37 / Gram-negative isolates	28.5 [128]	CAMP claims A. baumannii ATCC 17978 LL-37 MIC=>28.5 microM but source Table 1 shows 28.5 [128] (no > operator). All other LL-37 values from PubMed 31396193 matc	papers/doi__10.3389_fmicb.2019.01688/source/paper.pdf				
R119	single	doi__10.3389_fmicb.2019.02593	10.3389/fmicb.2019.02593	CAMP	value_mismatch	Bactenecin-1	Staphylococcus aureus ATCC25924	text			Staphylococcus aureus ATCC25923	MICa (μM) / L2C3 V10C11	>256	DB lists S. aureus ATCC25924 but source Table 3 documents ATCC25923. Different sequential ATCC numbers denote distinct strains (not cross-collection aliases), s	papers/doi__10.3389_fmicb.2019.02593/source/paper.pdf				
R030	single	doi__10.3389_fmicb.2020.573614	10.3389/fmicb.2020.573614	DBAASP	value_mismatch	Lantibiotic Nisin-H	Enterococcus faecalis ATCC 51299	MIC	0.56 µM		Enterococcus faecalis ATCC 51299 (VRE)	Nisin H	1.56	Source Table 3 reports MIC 1.56 µM for Nisin H vs Enterococcus faecalis ATCC 51299 (VRE), not DB 0.56 µM.	papers/doi__10.3389_fmicb.2020.573614/source/paper.pdf				
R165	single	doi__10.3389_fphar.2018.01501	10.3389/fphar.2018.01501	dbAMP	variant_misattribution	ChMAP-28	Mouse skin melanoma B16-F10	IC50	4.82±1.01 μM		ChMAP-28	B16F1 / IC50, μM	4.82 ± 1.01	Value 4.82±1.01 μM exists in Table 1 for B16F1, not B16-F10; B16F1 and B16F10 are distinct melanoma subclones. Bacterial MIC sub-claims not present in provided 	papers/doi__10.3389_fphar.2018.01501/source/paper.pdf				
R121	single	doi__10.3390_antibiotics11081048	10.3390/antibiotics11081048	DBAASP	endpoint_mismatch		Candida albicans ATCC 10231	MFC	256		C. albicans (ATCC CRM 10231)	MIC/MBC (μM) / GL-29	128/256	Source shows MBC=256 (from combined 128/256) for C. albicans ATCC CRM 10231 (=ATCC 10231). DB labels endpoint MFC; source column header says MBC. MFC=MBC for fu	papers/doi__10.3390_antibiotics11081048/source/paper.pdf				
R056	single	doi__10.3390_antibiotics13070574	10.3390/antibiotics13070574	DBAASP	variant_misattribution	Nigrosin-6VL	Pseudomonas aeruginosa ATCC 9027	FICI	>4		P. aeruginosaATCC CRM 9027	FICI Values / Vancomycin	>4	The >4 Vancomycin FICI belongs to 2170-2R (col2); Nigrosin-6VL Vanco FICI here is 1.125. Misattributed.	papers/doi__10.3390_antibiotics13070574/source/paper.pdf				
R057	single	doi__10.3390_antibiotics13070574	10.3390/antibiotics13070574	DBAASP	variant_misattribution	Nigrosin-6VL	Acinetobacter baumannii ATCC BAA-747	FICI	1.25		A. baumanniiBAA 747	FICI Values / Vancomycin	1.25	1.25 is the 2170-2R Vancomycin FICI (col2); Nigrosin-6VL values for this strain are 0.625/1.5/>4/0.25. Misattributed.	papers/doi__10.3390_antibiotics13070574/source/paper.pdf				
R058	single	doi__10.3390_antibiotics13070574	10.3390/antibiotics13070574	DBAASP	variant_misattribution	Nigrosin-6VL	Acinetobacter baumannii ATCC BAA-747	FICI	1		A. baumanniiBAA 747	FICI Values / Cefepime	1	FICI 1 is the 2170-2R Cefepime value (col4); Nigrosin-6VL has no FICI of 1 for this strain. Misattributed.	papers/doi__10.3390_antibiotics13070574/source/paper.pdf				
R059	single	doi__10.3390_antibiotics13070574	10.3390/antibiotics13070574	DBAASP	variant_misattribution	Nigrosin-6VL	Acinetobacter baumannii ATCC BAA-747	FICI	0.1875		A. baumanniiBAA 747	FICI Values / Gentamicin	0.1875	0.1875 is the 2170-2R Gentamicin FICI (col8); Nigrosin-6VL Genta FICI is 0.25. Misattributed.	papers/doi__10.3390_antibiotics13070574/source/paper.pdf				
R060	single	doi__10.3390_antibiotics13070574	10.3390/antibiotics13070574	DBAASP	variant_misattribution	Nigrosin-6VL	Pseudomonas aeruginosa ATCC 9027	FICI	0.3125		P. aeruginosaATCC CRM 9027	Biofilm FICI Values / Cefepime	0.3125	Biofilm 0.3125 is the 2170-2R Cefepime value (col2); Nigrosin-6VL biofilm FICI here is 0.5/1. Misattributed.	papers/doi__10.3390_antibiotics13070574/source/paper.pdf				
R061	single	doi__10.3390_antibiotics13070574	10.3390/antibiotics13070574	DBAASP	variant_misattribution	Nigrosin-6VL	Acinetobacter baumannii ATCC BAA-747	FICI	0.5		A. baumanniiBAA 747	Biofilm FICI Values / Cefepime	0.5	Biofilm 0.5 is the 2170-2R column (col2); Nigrosin-6VL biofilm FICI for A. baumannii is 0.625/0.75, not 0.5. Misattributed.	papers/doi__10.3390_antibiotics13070574/source/paper.pdf				
R062	single	doi__10.3390_antibiotics13070574	10.3390/antibiotics13070574	DBAASP	variant_misattribution	Nigrosin-6VL	Pseudomonas aeruginosa PAO1	FICI	0.625		P. aeruginosa 01	Biofilm FICI Values / Cefepime	0.625	Biofilm 0.625 is the 2170-2R Cefepime value (col2) for P. aeruginosa 01; Nigrosin-6VL is 0.5/1. Misattributed.	papers/doi__10.3390_antibiotics13070574/source/paper.pdf				
R078	single	doi__10.3390_antibiotics9050243	10.3390/antibiotics9050243	DBAASP	endpoint_mismatch	DRP-AC4a	Horse erythrocytes	10-20% Hemolysis	14.49		GM	MIC/MBC (μM) / DRP-AC4a	14.49	14.49 exists in Table 3 as the geometric mean of MIC values for DRP-AC4a, not a hemolysis concentration. DB endpoint '10-20% Hemolysis / horse erythrocytes' con	papers/doi__10.3390_antibiotics9050243/source/paper.pdf				
R079	single	doi__10.3390_antibiotics9050243	10.3390/antibiotics9050243	DBAASP	endpoint_mismatch	DRP-AC4b	Horse erythrocytes	10-20% Hemolysis	21.53		GM	MIC/MBC (μM) / DRP-AC4b	21.53	21.53 exists in Table 3 as the geometric mean of MIC values for DRP-AC4b, not a hemolysis concentration. DB endpoint '10-20% Hemolysis / horse erythrocytes' con	papers/doi__10.3390_antibiotics9050243/source/paper.pdf				
R080	single	doi__10.3390_antibiotics9050243	10.3390/antibiotics9050243	CAMP	variant_misattribution	Dermaseptin-AC4	S. aureus, E. coli, C. albicans, P. aeruginosa, E. faecalis, K. pneumoniae, MRSA	MIC/MBC	multiple (see text)		S. aureus	MIC/MBC (μM) / DRP-AC4a	8/16	All seven MIC/MBC pairs match DRP-AC4a in Table 3 (e.g. S. aureus 8/16, C. albicans 16/32, K. pneumoniae 8/16), not DRP-AC4. DB names peptide 'Dermaseptin-AC4' 	papers/doi__10.3390_antibiotics9050243/source/paper.pdf				
R111	single	doi__10.3390_antibiotics9090627	10.3390/antibiotics9090627	DBAASP	value_mismatch		Staphylococcus aureus NCTC 12493	MIC	32		MRSA (NCTC 12493)	DMPC-10B	4/8	Source Table 1 shows MRSA NCTC 12493 MIC as 4 µM (DMPC-10B) and 8 µM (DMPC-10A); 32 µM MIC appears nowhere for this strain.	papers/doi__10.3390_antibiotics9090627/source/paper.pdf				
R112	single	doi__10.3390_antibiotics9090627	10.3390/antibiotics9090627	DBAASP	value_mismatch		Staphylococcus aureus NCTC 12493	MIC	64		MRSA (NCTC 12493)	DMPC-10A	8/16	Source Table 1 shows MRSA NCTC 12493 MIC as 4 µM (DMPC-10B) and 8 µM (DMPC-10A); 64 µM MIC appears nowhere for this strain.	papers/doi__10.3390_antibiotics9090627/source/paper.pdf				
R113	single	doi__10.3390_biom8040122	10.3390/biom8040122	DBAASP	endpoint_mismatch		Escherichia coli ATCC 25922	µg/ml	0.129-0.254		0.5	FIC Index / E. coli ATCC	0.129–0.254	Value 0.129–0.254 found in source under 'FIC Index' (dimensionless), not a concentration; DB records it with unit µg/mL, which is a wrong endpoint assignment.	papers/doi__10.3390_biom8040122/source/paper.pdf				
R114	single	doi__10.3390_biom8040122	10.3390/biom8040122	DBAASP	endpoint_mismatch		Escherichia coli ESBL	µg/ml	0.133-0.258		0.25	FIC Index / E. coli ATCC	0.133–0.258	Value 0.133–0.258 found in source under 'FIC Index' (dimensionless) for ESBL E. coli section; DB records it with unit µg/mL, which is a wrong endpoint assignmen	papers/doi__10.3390_biom8040122/source/paper.pdf				
R115	single	doi__10.3390_biom8040122	10.3390/biom8040122	DBAASP	endpoint_mismatch		Acinetobacter baumannii ATCC BAA-1710	µg/ml	0.375-0.500		0.5	FIC Index / E. coli ATCC	0.375–0.500	Value 0.375–0.500 found in source under 'FIC Index' (dimensionless) for A. baumannii ATCC section; DB records it with unit µg/mL, which is a wrong endpoint assi	papers/doi__10.3390_biom8040122/source/paper.pdf				
R116	single	doi__10.3390_biom8040122	10.3390/biom8040122	DBAASP	endpoint_mismatch		Acinetobacter baumannii	µg/ml	0.625-0.750		0.5	FIC Index / E. coli ATCC	0.625–0.750	Value 0.625–0.750 found in source under 'FIC Index' (dimensionless) for A. baumannii RCH section; DB records it with unit µg/mL, which is a wrong endpoint assig	papers/doi__10.3390_biom8040122/source/paper.pdf				
R117	single	doi__10.3390_biom8040122	10.3390/biom8040122	DBAASP	endpoint_mismatch		Pseudomonas aeruginosa ATCC 27853	µg/ml	0.516		2	FIC Index / E. coli ATCC	0.516	Value 0.516 found in source under 'FIC Index' (dimensionless) for P. aeruginosa ATCC section; DB records it with unit µg/mL, which is a wrong endpoint assignmen	papers/doi__10.3390_biom8040122/source/paper.pdf				
R118	single	doi__10.3390_biom8040122	10.3390/biom8040122	DBAASP	endpoint_mismatch		Pseudomonas aeruginosa	µg/ml	0.281-0.531		2	FIC Index / E. coli ATCC	0.281–0.531	Value 0.281–0.531 found in source under 'FIC Index' (dimensionless) for P. aeruginosa clinical section; DB records it with unit µg/mL, which is a wrong endpoint	papers/doi__10.3390_biom8040122/source/paper.pdf				
R035	single	doi__10.3390_biomedicines8070185	10.3390/biomedicines8070185	DBAASP	variant_misattribution	Mp2a-Mp2b	Drosophila melanogaster	LD50	>0.6 µM		2a	Insecticidal Activity (LD50, pmol/g)	> 600	DB assigns >0.6 µM to native peptide, but the >600 pmol/g LD50 cell is under source row 2a, a different variant.	papers/doi__10.3390_biomedicines8070185/source/paper.pdf				
R124	single	doi__10.3390_ijms20174184	10.3390/ijms20174184	CAMP	value_mismatch		Escherichia coli ATCC 25922	MIC	4 microM		cTI	MIC (µM) / E. coliATCC 25922	1	CAMP claims cTI E. coli ATCC 25922 MIC=4 µM; Table 3 shows 1 µM. DB claims DC2 MIC=1 µM but source shows 4. ATCC 25922 and DC2 values are swapped in the CAMP en	papers/doi__10.3390_ijms20174184/source/paper.pdf				
R125	single	doi__10.3390_ijms20174184	10.3390/ijms20174184	CAMP	value_mismatch		Escherichia coli ATCC 25922	MIC	4-8 microM		cTII	MIC (µM) / E. coliATCC 25922	1–2	CAMP claims cTII E. coli ATCC 25922 MIC=4-8 µM; Table 3 shows 1–2 µM. DB claims DC2 MIC=1-2 but source shows 4–8. ATCC 25922 and DC2 values are swapped in the C	papers/doi__10.3390_ijms20174184/source/paper.pdf				
R177	single	doi__10.3390_ijms23158269	10.3390/ijms23158269	APD6	value_mismatch	MP-[Lys2, Ile4] RIP (inferred: 90.48% similar to MP-RIP, confirmed by sequence diff at pos 16 S→K and pos 18 W→I = 2/21 mismatches)	E. coli	MIC	109.8 uM		MP-[Lys2, Ile4] RIP	MIC / E. coli / [μM]	27.8	Peptide resolves to MP-[Lys2, Ile4] RIP (90.48% identity to MP-RIP). DB claims E. coli MIC 109.8 uM; source Table 3 shows 27.8 uM. S. aureus 27.8 uM is correct.	papers/doi__10.3390_ijms23158269/source/paper.pdf				
R046	single	doi__10.3390_ijms232113316	10.3390/ijms232113316	APD6	endpoint_mismatch	RLRAPPPFHKRCVCLCRTAPPP	Staphylococcus aureus	MIC	6-12 uM		Staphylococcus aureus	MBC b/MFC c (μM) / Gram-positive bacteria	6–12	DB labels the S. aureus 6-12 uM claim as MIC, but the source cell carrying that value is under MBC/MFC.	papers/doi__10.3390_ijms232113316/source/paper.pdf				
R091	single	doi__10.3390_jof7060457	10.3390/jof7060457	DBAASP	value_mismatch		Candida albicans CBS 5982	IC90	7.2		Candida albicans	IC90 / TB_KKG6K	1.8	Table 1 shows C. albicans IC90=1.8 µM for all three peptides; DB claims 7.2 µM. Value 7.2 appears only for S. aureus/TB_KKG6Kscrambled in source.	papers/doi__10.3390_jof7060457/source/paper.pdf				
R092	single	doi__10.3390_jof7060457	10.3390/jof7060457	DBAASP	value_mismatch		Candida albicans CBS 5982	IC90	3.6		Candida albicans	IC90 / TB_KKG6K	1.8	Table 1 shows C. albicans IC90=1.8 µM for all peptides; DB claims 3.6 µM. Value 3.6 is the S. aureus/TB_KKG6K entry in source.	papers/doi__10.3390_jof7060457/source/paper.pdf				
R093	single	doi__10.3390_jof7060457	10.3390/jof7060457	DBAASP	value_mismatch		Candida albicans CBS 5982	IC90	28.8		Candida albicans	IC90 / TB_KKG6K	1.8	Table 1 shows C. albicans IC90=1.8 µM for all peptides; DB claims 28.8 µM. Value 28.8 does not appear anywhere in the provided tables.	papers/doi__10.3390_jof7060457/source/paper.pdf				
R094	single	doi__10.3390_jof7060457	10.3390/jof7060457	DBAASP	value_mismatch		Candida albicans CBS 5982	IC90	14.4		Candida albicans	IC90 / TB_KKG6K	1.8	Table 1 shows C. albicans IC90=1.8 µM for all peptides; DB claims 14.4 µM. Value 14.4 is the S. aureus/D-Lys_TB_KKG6K entry in source.	papers/doi__10.3390_jof7060457/source/paper.pdf				
R171	single	doi__10.3390_md9010071	10.3390/md9010071	dbAMP	value_mismatch	Cyclotetrapeptide	Klebsiella pneumoniae ATCC 2357	MIC	250μg/ml		4	Diameter of zone of inhibition (mm) / Bacterial strains / K. pneu.	20(6)	dbAMP claims Cyclotetrapeptide (cpd 4) MIC=250μg/mL for K.pneumoniae; source Table 4 bracket value is 6μg/mL. Also C.albicans claimed >1000μg/mL vs source MIC=6	papers/doi__10.3390_md9010071/source/paper.pdf				
R055	single	doi__10.3390_molecules18010859	10.3390/molecules18010859	DRAMP	value_mismatch	L5K5W model peptide (profile = W11)	Pseudomonas aeruginosa ATCC 27853	MIC	8		P. aeruginosa	W11 / Minimal inhibitory concentration (μg/mL) / Gram-positive bacteria	4	Profile matches W11 on all 9 other organisms but DB P. aeruginosa=8 vs source=4. Single-cell discrepancy, candidate DB error.	papers/doi__10.3390_molecules18010859/source/paper.pdf				
R172	single	doi__10.3390_molecules21020225	10.3390/molecules21020225	CAMP	value_mismatch	FA1	Pseudomonas aeruginosa ATCC 27853	MIC	>50 µg/mL		FA1	Minimal Inhibitory Concentrations (µg/mL) a / P. aureginosa	25	Source Table 2: FA1/P.aeruginosa=25 µg/mL (DB claims >50); FA1/K.pneumoniae=>50 µg/mL (DB claims 25). E.coli=6.25 and S.aureus=>50 match. P.aeruginosa and K.pne	papers/doi__10.3390_molecules21020225/source/paper.pdf				
R173	single	doi__10.3390_molecules21020225	10.3390/molecules21020225	dbAMP	value_mismatch	Pin2[14]	Escherichia coli ATCC 25922	MIC	25 µM		Pin2[14]	Minimal Inhibitory Concentrations (µg/mL) a / E. coli	>50	Source: Pin2[14]/E.coli MIC=>50 µg/mL; DB claims 25 µM (~42 µg/mL via MW 1680.1 Da), below threshold. P.aeruginosa and K.pneumoniae >50 µg/mL match source. Myco	papers/doi__10.3390_molecules21020225/source/paper.pdf				
R139	single	doi__10.3390_molecules22091428	10.3390/molecules22091428	CAMP	variant_misattribution	Phylloseptin-PHa	S. aureus NCTC 10788; MRSA NCTC 12493; E. faecalis NCTC 12697; E. coli NCTC 10418; C. albicans NCYC 1	MIC	8; 8; 32; 32; 4 µg/mL		Phylloseptin-PTa	MIC (µg∙mL−1/ µM) / S. aureusNCTC 10788	8/4.14	MIC 8/8/32/32/4 µg/mL match Phylloseptin-PTa (Table 2); Phylloseptin-PHa has 64/64/512/>512/256. CAMP has the two peptides' MIC profiles swapped.	papers/doi__10.3390_molecules22091428/source/paper.pdf				
R140	single	doi__10.3390_molecules22091428	10.3390/molecules22091428	CAMP	variant_misattribution	Phylloseptin-PTa	S. aureus NCTC 10788; MRSA NCTC 12493; E. faecalis NCTC 12697; E. coli NCTC 10418; C. albicans NCYC 1	MIC	64; 64; 512; >512; 256 µg/mL		Phylloseptin-PHa	MIC (µg∙mL−1/ µM) / S. aureusNCTC 10788	64/32.97	MIC 64/64/512/>512/256 µg/mL match Phylloseptin-PHa (Table 2); Phylloseptin-PTa has 8/8/32/32/4. CAMP has the two peptides' MIC profiles swapped.	papers/doi__10.3390_molecules22091428/source/paper.pdf				
R141	single	doi__10.3390_molecules22091428	10.3390/molecules22091428	dbAMP	variant_misattribution	Phylloseptin-PT (Phyllomedusa tarsius)	S. aureus NCTC 10788; E. coli NCTC 10418; C. albicans NCYC 1467; E. faecalis NCTC 12697; MRSA NCTC 12493; NCI-H157	MIC; IC50	8; 32; 4; 32; 8 µg/mL; 6.73 µM		Phylloseptin-PTa	MIC (µg∙mL−1/ µM) / S. aureusNCTC 10788	8/4.14	MIC 8/32/4/32/8 µg/mL match Phylloseptin-PTa in Table 2; Table 4 shows Phylloseptin-PT (no 'a') has S. aureus MIC=512. DB conflates Phylloseptin-PT with Phyllos	papers/doi__10.3390_molecules22091428/source/paper.pdf				
R074	single	doi__10.3390_molecules24061121	10.3390/molecules24061121	CAMP	value_mismatch	15	Staphylococcus pseudintermedius (MSSP)	MIC	15		15	MIC / MSSP b / 2–4	4	DB claims MSSP MIC=15 for peptide 15, but Table 3 row 15 reports MSSP MIC=4 (others 4,32,>64 match).	papers/doi__10.3390_molecules24061121/source/paper.pdf				
R136	single	doi__10.3390_molecules29071534	10.3390/molecules29071534	DBAASP	endpoint_mismatch	Brevinin-1BW	Staphylococcus aureus ATCC 25923	MBEC50			S. aureus (ATCC25923)	Brevinin-1BW / MBC (μg/mL)	6.25	Source Table 2 reports MBC=6.25 µg/mL for S. aureus ATCC25923; DB labels this MBEC50 (biofilm eradication), a distinct endpoint from MBC (planktonic bactericida	papers/doi__10.3390_molecules29071534/source/paper.pdf				
R137	single	doi__10.3390_molecules29071534	10.3390/molecules29071534	DBAASP	endpoint_mismatch	Brevinin-1BW	Human foreskin fibroblasts (HFF)	50% Hemolysis			HePG2	CC50 (µg/mL)	33.99 ± 0.48	Source Table 4 records CC50=33.99±0.48 µg/mL for HFF; DB labels this '50% Hemolysis', but hemolysis is an RBC-specific endpoint whereas HFF are fibroblasts meas	papers/doi__10.3390_molecules29071534/source/paper.pdf				
R157	single	doi__10.3390_ph7050502	10.3390/ph7050502	dbAMP	value_mismatch		multiple	MIC	multiple		Staphylococcus aureus	MIC (µM)	5	DB claims S. aureus ATCC 29213 MIC=3µM and ATCC 33591 MIC=3µM; Table 2 shows both at 5µM for AamAP1-Lysine. P. aeruginosa ATCC 27853/BAA-2114 entries are not in	papers/doi__10.3390_ph7050502/source/paper.pdf				
R050	single	doi__10.3390_pharmaceutics14030604	10.3390/pharmaceutics14030604	DBAASP	value_mismatch		Staphylococcus aureus ATCC 6538	MIC	3.1		S. aureus	MIC/MBC (μM) / Temporin-1CEa	13.1	Temporin-1CEa S. aureus MIC is 13.1 in source (paired with E. coli >100); DB claims 3.1 -> digit-drop value mismatch.	papers/doi__10.3390_pharmaceutics14030604/source/paper.pdf				
