paper_id	database	source_id	error_type	db_peptide	db_organism	db_endpoint	db_value	source_table	source_row	source_col	source_value	reason
doi__10.1016_j.antiviral.2013.11.013	DBAASP	DBAASP:DBAASPR_4330	endpoint_mismatch		Vero cells	IC50	46.71±3.80	1	Hp1036	CC50 (μM)b	46.71 ± 3.80	Same value is reported for Vero cells as CC50, not IC50.
doi__10.1016_j.antiviral.2013.11.013	DBAASP	DBAASP:DBAASPR_4330	endpoint_mismatch		HSV-1	IC50 I	0.43±0.09	1	Hp1036	EC50 (μM)a in the following assay	0.43 ± 0.09	Same HSV-1 value is reported under EC50, not IC50 I.
doi__10.1016_j.antiviral.2013.11.013	DBAASP	DBAASP:DBAASPR_4330	endpoint_mismatch		HSV-1	IC50 E	4.29±0.35	1	Hp1036	EC50 (μM)a in the following assay	4.29 ± 0.35	Same HSV-1 value is reported under EC50, not IC50 E.
doi__10.1016_j.antiviral.2013.11.013	DBAASP	DBAASP:DBAASPR_4331	endpoint_mismatch		Vero cells	IC50	26.15±1.91	1	Hp1239	CC50 (μM)b	26.15 ± 1.91	Same value is reported for Vero cells as CC50, not IC50.
doi__10.1016_j.antiviral.2013.11.013	DBAASP	DBAASP:DBAASPR_4331	endpoint_mismatch		HSV-1	IC50 I	0.41±0.06	1	Hp1239	EC50 (μM)a in the following assay	0.41 ± 0.06	Same HSV-1 value is reported under EC50, not IC50 I.
doi__10.1016_j.antiviral.2013.11.013	DBAASP	DBAASP:DBAASPR_4331	endpoint_mismatch		HSV-1	IC50 E	4.32±0.47	1	Hp1239	EC50 (μM)a in the following assay	4.32 ± 0.47	Same HSV-1 value is reported under EC50, not IC50 E.
doi__10.1021_acs.jmedchem.3c00460	DBAASP	DBAASPS_21083	value_mismatch	HP3	Pseudomonas aeruginosa PA14	MIC	2 µg/ml	2	HP3	PA14b	4	For HP3 against PA14, source MIC is 4, not DB value 2.
doi__10.1038_s41598-018-37630-3	CAMP	CAMP:CAMPSQ11358	variant_misattribution	Temporin B L1FK	Klebsiella pneumoniae M6	MIC in MHB	128 microg/ml	2	Klebsiella pneumoniae M6	MHB	128	DB names L1FK, but the MIC series uses KKG6A values; e.g. K. pneumoniae M6 MHB 128 is in the KKG6A columns, not L1FK.
doi__10.1038_s41598-018-37630-3	CAMP	CAMP:CAMPSQ11359	variant_misattribution	Temporin B KKG6A	Klebsiella pneumoniae M6	MIC in MHB	32 microg/ml	2	Klebsiella pneumoniae M6	MHB	32	DB names KKG6A, but the MIC series uses L1FK values; e.g. K. pneumoniae M6 MHB 32 belongs to the L1FK columns, not KKG6A.
doi__10.1038_s42003-022-04385-7	DRAMP	DRAMP:DRAMP35957	variant_misattribution	MGS4_V8 (monomer)	Tumor cells: H358; H1993; H1299; H2009	EC50	H358=3.9nM; H1993=4nM; H1299=5.8nM; H2009=6.8nM	2	MGS4_V9 (dimer)	EC50 (nM)	3.9	Claimed EC50 values match MGS4_V9 dimer row, not the DB-named MGS4_V8 monomer row.
doi__10.1038_s42003-022-04385-7	DRAMP	DRAMP:DRAMP35958	variant_misattribution	MGS4_V8 (monomer)	Tumor cells: H1993; H1299; H2009; H358	EC50	H1993=1.5nM; H1299=2.5nM; H2009=3.4nM; H358=3.5nM	2	MGS4_V10 (tetramer)	EC50 (nM)	1.5	Claimed EC50 values match MGS4_V10 tetramer row, not the DB-named MGS4_V8 monomer row.
doi__10.1038_s42003-022-04385-7	DRAMP	DRAMP:DRAMP35959	variant_misattribution	MGS4_V9 (dimer)	Tumor cells: H358; H1993; H1299; H2009	EC50	H358=34nM; H1993=37nM; H1299=38nM; H2009=38nM	2	MGS4_V8 (monomer)	EC50 (nM)	34	Claimed EC50 values match MGS4_V8 monomer row, not the DB-named MGS4_V9 dimer row.
doi__10.1155_2015_909870	DBAASP	DBAASP:DBAASPS_710	value_mismatch	Pac-525	Streptococcus sanguinis ATCC 10566	MIC		1	S. sanguis 10556	MIC	0.125	Pac-525 MIC source cell reports 0.125, but the DB value is blank.
doi__10.1155_2015_909870	DBAASP	DBAASP:DBAASPS_710	value_mismatch	Pac-525	Streptococcus sanguinis ATCC 10566	MBC		1	S. sanguis 10556	MBC	0.5	Pac-525 MBC source cell reports 0.5, but the DB value is blank.
doi__10.1155_2015_909870	DBAASP	DBAASP:DBAASPS_1164	endpoint_mismatch	KSL	Streptococcus sanguinis ATCC 10566	-		1	S. sanguis 10556	MIC	—	For KSL, the dash source value is under MIC, while the DB endpoint is '-'.
doi__10.1186_s13568-020-01139-8	DBAASP	DBAASPS_16955	value_mismatch	LSEI_2135 (53-68), LHH1	Klebsiella aerogenes ATCC 13048	MIC		3	Enterobacter aerogenes (ATCC 13048)	MIC (μM)	> 256	Source table reports LHH1 MIC > 256 for ATCC 13048, while DB value is blank.
doi__10.1186_s13568-020-01139-8	DBAASP	DBAASPS_16955	value_mismatch	LSEI_2135 (53-68), LHH1	Klebsiella aerogenes ATCC 13048	MBC		3	Enterobacter aerogenes (ATCC 13048)	MBC (μM)	> 256	Source table reports LHH1 MBC > 256 for ATCC 13048, while DB value is blank.
doi__10.1186_s13568-020-01139-8	DBAASP	DBAASPS_16955	value_mismatch	LSEI_2135 (53-68), LHH1	Lacticaseibacillus casei ATCC 334	MIC		3	Lactobacillus casei (ATCC334)	MIC (μM)	> 256	Source table reports LHH1 MIC > 256 for ATCC334, while DB value is blank.
doi__10.1186_s13568-020-01139-8	DBAASP	DBAASPS_16955	value_mismatch	LSEI_2135 (53-68), LHH1	Lacticaseibacillus casei ATCC 334	MBC		3	Lactobacillus casei (ATCC334)	MBC (μM)	> 256	Source table reports LHH1 MBC > 256 for ATCC334, while DB value is blank.
doi__10.1371_journal.pone.0215227	DBAASP	DBAASPS_15265	endpoint_mismatch		Porcine epidemic diarrhea virus (PEDcoV)	IC50 F	8.0±0.3 µg/ml	2	SLP1	EC50 (μg/ml)	8.0 ± 0.3	DB labels value as IC50 F, but matching source cell is EC50 for SLP1.
doi__10.1371_journal.pone.0215227	DBAASP	DBAASPS_15266	endpoint_mismatch		Porcine epidemic diarrhea virus (PEDcoV)	IC50 F	5.3±0.5 µg/ml	2	SLP2	EC50 (μg/ml)	5.3 ± 0.5	DB labels value as IC50 F, but matching source cell is EC50 for SLP2.
doi__10.1371_journal.pone.0215227	DBAASP	DBAASPS_15267	endpoint_mismatch		Porcine epidemic diarrhea virus (PEDcoV)	IC50 F	16.9±1.6 µg/ml	2	SLP3	EC50 (μg/ml)	16.9 ± 1.6	DB labels value as IC50 F, but matching source cell is EC50 for SLP3.
doi__10.1371_journal.pone.0215227	DBAASP	DBAASPS_15268	endpoint_mismatch		Porcine epidemic diarrhea virus (PEDcoV)	IC50 F	5.4±0.4 µg/ml	2	SLP4	EC50 (μg/ml)	5.4 ± 0.4	DB labels value as IC50 F, but matching source cell is EC50 for SLP4.
doi__10.1371_journal.pone.0215227	DBAASP	DBAASPS_15269	endpoint_mismatch		Porcine epidemic diarrhea virus (PEDcoV)	IC50 F	16.5±0.6 µg/ml	2	SLP5	EC50 (μg/ml)	16.5 ± 0.6	DB labels value as IC50 F, but matching source cell is EC50 for SLP5.
doi__10.1371_journal.pone.0215227	DBAASP	DBAASPS_15270	endpoint_mismatch		Porcine epidemic diarrhea virus (PEDcoV)	IC50 F	6.1±0.3 µg/ml	2	SLP6	EC50 (μg/ml)	6.1 ± 0.3	DB labels value as IC50 F, but matching source cell is EC50 for SLP6.
doi__10.1371_journal.pone.0215227	DBAASP	DBAASPS_15271	endpoint_mismatch		Porcine epidemic diarrhea virus (PEDcoV)	IC50 F	14.0±0.6 µg/ml	2	SLP7	EC50 (μg/ml)	14.0 ± 0.6	DB labels value as IC50 F, but matching source cell is EC50 for SLP7.
doi__10.1371_journal.pone.0215227	DBAASP	DBAASPS_15272	endpoint_mismatch		Porcine epidemic diarrhea virus (PEDcoV)	IC50 F	2.6±0.2 µg/ml	2	SLP8	EC50 (μg/ml)	2.6 ± 0.2	DB labels value as IC50 F, but matching source cell is EC50 for SLP8.
doi__10.1371_journal.pone.0215227	DBAASP	DBAASPS_15273	endpoint_mismatch		Porcine epidemic diarrhea virus (PEDcoV)	IC50 F	12.8±0.5 µg/ml	2	SLP9	EC50 (μg/ml)	12.8 ± 0.5	DB labels value as IC50 F, but matching source cell is EC50 for SLP9.
doi__10.1371_journal.pone.0215227	DBAASP	DBAASPS_15274	endpoint_mismatch		Porcine epidemic diarrhea virus (PEDcoV)	IC50 F	10.6±0.5 µg/ml	2	SLP10	EC50 (μg/ml)	10.6 ± 0.5	DB labels value as IC50 F, but matching source cell is EC50 for SLP10.
doi__10.1371_journal.pone.0215227	DBAASP	DBAASPN_15275	endpoint_mismatch		Porcine epidemic diarrhea virus (PEDcoV)	IC50 I	11.4±0.7 µg/ml	2	Surfactin	EC50 (μg/ml)	11.4 ± 0.7	DB labels value as IC50 I, but matching source cell is EC50 for Surfactin.
doi__10.1371_journal.pone.0215227	CAMP	CAMPSQ23902	endpoint_mismatch		Porcine epidemic diarrhea virus (PEDcoV)	IC50 F text	16.9+-1.6; 16.5+-0.6; 14.0+-0.6; 10.6+-0.5 microg/ml	2	SLP3	EC50 (μg/ml)	16.9 ± 1.6	DB text labels PEDcoV value as IC50 F; matching source cell for 16.9 ± 1.6 is EC50.
doi__10.3389_fimmu.2022.811378	DBAASP	DBAASPR_2121	value_mismatch		Escherichia coli CVCC 1522	MIC	0.05 µg/ml	1	E. coli CVCC1522	MICa, μg/mL	0.030	Source MIC for E. coli CVCC1522 is 0.030 μg/mL; DB claims 0.05 μg/ml.
doi__10.3389_fmicb.2020.573614	DBAASP	DBAASP:DBAASPR_21186	value_mismatch	Lantibiotic Nisin-H	Enterococcus faecalis ATCC 51299	MIC	0.56 µM	3	Enterococcus faecalis ATCC 51299 (VRE)	Nisin H	1.56	Source Table 3 reports MIC 1.56 µM for Nisin H vs Enterococcus faecalis ATCC 51299 (VRE), not DB 0.56 µM.
doi__10.3390_antibiotics9120870	CAMP	CAMP:CAMPSQ23387	variant_misattribution	WAMP-2			LCCGKYGFCGSG	4	WAMP-G1	Amino Acid Sequence	LCCGKYGFCGSG	Claimed WAMP-2 sequence exists in source, but source assigns it to WAMP-G1.
doi__10.3390_antibiotics9120870	CAMP	CAMP:CAMPSQ23389	variant_misattribution	WAMP-2			GKGSCQSQCRGCR	4	WAMP-C	Amino Acid Sequence	GKGSCQSQCRGCR	Claimed WAMP-2 sequence exists in source, but source assigns it to WAMP-C.
doi__10.3390_antibiotics9120870	CAMP	CAMP:CAMPSQ23386	variant_misattribution	WAMP-2			AQRCGDQARGAKC	4	WAMP-N	Amino Acid Sequence	AQRCGDQARGAKC	Claimed WAMP-2 sequence exists in source, but source assigns it to WAMP-N.
doi__10.3390_antibiotics9120870	CAMP	CAMP:CAMPSQ23388	variant_misattribution	WAMP-2			CCGKYGFCGSGDAYC	4	WAMP-G2	Amino Acid Sequence	CCGKYGFCGSGDAYC	Claimed WAMP-2 sequence exists in source, but source assigns it to WAMP-G2.
doi__10.3390_biomedicines8070185	DBAASP	DBAASPS_16345	variant_misattribution	Mp2a-Mp2b	Drosophila melanogaster	LD50	>0.6 µM	2	2a	Insecticidal Activity (LD50, pmol/g)	> 600	DB assigns >0.6 µM to native peptide, but the >600 pmol/g LD50 cell is under source row 2a, a different variant.
doi__10.3390_md12020871	DBAASP	DBAASPN_5449	endpoint_mismatch		Human breast adenocarcinoma MDA-MB-231	IC50	14.9	3	Breast cancer: MDA-MB-231	(GI50, µg/mL)	14.9	DB labels endpoint IC50; source Table 3 reports this value under GI50.
doi__10.3390_md12020871	DBAASP	DBAASPN_5449	endpoint_mismatch		Human colon adenocarcinoma HCT-15	IC50	11.4	3	Colon cancer: HCT-15	(GI50, µg/mL)	11.4	DB labels endpoint IC50; source Table 3 reports this value under GI50.
doi__10.3390_md12020871	DBAASP	DBAASPN_5449	endpoint_mismatch		Human prostate adenocarcinoma PC-3	IC50	10.8	3	Prostate cancer: PC-3	(GI50, µg/mL)	10.8	DB labels endpoint IC50; source Table 3 reports this value under GI50.
doi__10.3390_md12020871	DBAASP	DBAASPN_5449	endpoint_mismatch		Human lung adenocarcinoma NCI-H23	IC50	11.2	3	Lung cancer: NCI-H23	(GI50, µg/mL)	11.2	DB labels endpoint IC50; source Table 3 reports this value under GI50.
doi__10.3390_md12020871	DBAASP	DBAASPN_5449	endpoint_mismatch		Human gastric cancer NUGC-3	IC50	11.8	3	Stomach cancer: NUGC-3	(GI50, µg/mL)	11.8	DB labels endpoint IC50; source Table 3 reports this value under GI50.
doi__10.3390_md12020871	DBAASP	DBAASPN_5449	endpoint_mismatch		Human renal adenocarcinoma ACHN	IC50	11.5	3	Renal cancer: ACHN	(GI50, µg/mL)	11.5	DB labels endpoint IC50; source Table 3 reports this value under GI50.
